file	line	scope	callee	disposition
ccos/core/capability_optimizer.py	199	module.CapabilityOptimizer.generate_improved_version	capability.replace	unresolved candidate
ccos/core/capability_optimizer.py	200	module.CapabilityOptimizer.generate_improved_version	staging_dir.mkdir	unresolved candidate
ccos/core/capability_optimizer.py	209	module.CapabilityOptimizer.generate_improved_version	new_path.write_text	unresolved candidate
ccos/core/capability_optimizer.py	214	module.CapabilityOptimizer.generate_improved_version	shutil.copy2	unresolved candidate
ccos/core/capability_optimizer.py	394	module.CapabilityOptimizer.compare_and_upgrade	capability.replace	unresolved candidate
ccos/core/capability_optimizer.py	395	module.CapabilityOptimizer.compare_and_upgrade	backup_dir.mkdir	unresolved candidate
ccos/core/capability_optimizer.py	397	module.CapabilityOptimizer.compare_and_upgrade	shutil.copy2	unresolved candidate
ccos/core/capability_optimizer.py	402	module.CapabilityOptimizer.compare_and_upgrade	shutil.copy2	unresolved candidate
ccos/core/capability_optimizer.py	406	module.CapabilityOptimizer.compare_and_upgrade	shutil.copy2	unresolved candidate
ccos/core/capability_registry.py	205	module.CapabilityRegistry._save	path.parent.mkdir	unresolved candidate
ccos/core/capability_registry.py	210	module.CapabilityRegistry._save	path.write_text	unresolved candidate
ccos/core/device_bridge.py	328	module.DeviceBridgeServer._handle_client	client_sock.sendall	unresolved candidate
ccos/core/device_bridge.py	387	module.DeviceBridgeClient.send_request	sock.sendall	unresolved candidate
ccos/core/device_manager.py	27	module._run_cmd	subprocess.run	unresolved candidate
ccos/core/device_manager.py	39	module._detect_os	platform.system	unresolved candidate
ccos/core/device_manager.py	81	module._detect_os	platform.system	unresolved candidate
ccos/core/device_manager.py	198	module._detect_cameras	dev.name.replace	unresolved candidate
ccos/core/device_manager.py	401	module.DeviceManager._scan	platform.system	unresolved candidate
ccos/core/device_manager.py	431	module.DeviceManager.get_profile	self._profile.copy	unresolved candidate
ccos/core/goal_engine.py	201	module.GoalEngine._goals_from_weak_capabilities	name.replace	unresolved candidate
ccos/core/goal_engine.py	272	module.GoalEngine._goals_from_slow_capabilities	name.replace	unresolved candidate
ccos/core/goal_engine.py	312	module.GoalEngine._goals_from_error_patterns	name.replace	unresolved candidate
ccos/core/goal_engine.py	382	module.GoalEngine._goals_from_recombination_opportunities	pair[0].replace	unresolved candidate
ccos/core/goal_engine.py	382	module.GoalEngine._goals_from_recombination_opportunities	pair[1].replace	unresolved candidate
ccos/core/goal_engine.py	569	module.GoalEngine._save_queue	path.parent.mkdir	unresolved candidate
ccos/core/goal_engine.py	571	module.GoalEngine._save_queue	path.write_text	unresolved candidate
ccos/core/lifecycle_manager.py	166	module.LifecycleManager.execute_task	self._plugin_manager.call_capability	unresolved candidate
ccos/core/memory/ccos_memory.py	29	module.StructuredDB.__init__	Path(self._path).parent.mkdir	unresolved candidate
ccos/core/memory/ccos_memory.py	36	module.StructuredDB._init_tables	c.executescript	unresolved candidate
ccos/core/memory/ccos_memory.py	84	module.StructuredDB._init_tables	self._conn.commit	unresolved candidate
ccos/core/memory/ccos_memory.py	92	module.StructuredDB.store_skill	self._conn.execute	unresolved candidate
ccos/core/memory/ccos_memory.py	98	module.StructuredDB.store_skill	self._conn.commit	unresolved candidate
ccos/core/memory/ccos_memory.py	104	module.StructuredDB.get_skill	self._conn.execute	unresolved candidate
ccos/core/memory/ccos_memory.py	109	module.StructuredDB.list_skills	self._conn.execute	unresolved candidate
ccos/core/memory/ccos_memory.py	111	module.StructuredDB.list_skills	self._conn.execute	unresolved candidate
ccos/core/memory/ccos_memory.py	115	module.StructuredDB.record_skill_use	self._conn.execute	unresolved candidate
ccos/core/memory/ccos_memory.py	119	module.StructuredDB.record_skill_use	self._conn.commit	unresolved candidate
ccos/core/memory/ccos_memory.py	126	module.StructuredDB.store_workflow	self._conn.execute	unresolved candidate
ccos/core/memory/ccos_memory.py	131	module.StructuredDB.store_workflow	self._conn.commit	unresolved candidate
ccos/core/memory/ccos_memory.py	137	module.StructuredDB.get_successful_workflows	self._conn.execute	unresolved candidate
ccos/core/memory/ccos_memory.py	144	module.StructuredDB.get_failed_workflows	self._conn.execute	unresolved candidate
ccos/core/memory/ccos_memory.py	153	module.StructuredDB.set_config	self._conn.execute	unresolved candidate
ccos/core/memory/ccos_memory.py	157	module.StructuredDB.set_config	self._conn.commit	unresolved candidate
ccos/core/memory/ccos_memory.py	160	module.StructuredDB.get_config	self._conn.execute	unresolved candidate
ccos/core/memory/ccos_memory.py	171	module.StructuredDB.set_preference	self._conn.execute	unresolved candidate
ccos/core/memory/ccos_memory.py	175	module.StructuredDB.set_preference	self._conn.commit	unresolved candidate
ccos/core/memory/ccos_memory.py	178	module.StructuredDB.get_preference	self._conn.execute	unresolved candidate
ccos/core/memory/ccos_memory.py	182	module.StructuredDB.get_all_preferences	self._conn.execute	unresolved candidate
ccos/core/memory/ccos_memory.py	189	module.StructuredDB.record_performance	self._conn.execute	unresolved candidate
ccos/core/memory/ccos_memory.py	194	module.StructuredDB.record_performance	self._conn.commit	unresolved candidate
ccos/core/memory/ccos_memory.py	198	module.StructuredDB.get_performance_stats	self._conn.execute	unresolved candidate
ccos/core/memory/ccos_memory.py	203	module.StructuredDB.get_performance_stats	self._conn.execute	unresolved candidate
ccos/core/memory/ccos_memory.py	231	module.EventLog.__init__	Path(self._path).parent.mkdir	unresolved candidate
ccos/core/memory/ccos_memory.py	237	module.EventLog._init_table	self._conn.executescript	unresolved candidate
ccos/core/memory/ccos_memory.py	249	module.EventLog._init_table	self._conn.commit	unresolved candidate
ccos/core/memory/ccos_memory.py	253	module.EventLog.log	self._conn.execute	unresolved candidate
ccos/core/memory/ccos_memory.py	258	module.EventLog.log	self._conn.commit	unresolved candidate
ccos/core/memory/ccos_memory.py	262	module.EventLog.get_recent	self._conn.execute	unresolved candidate
ccos/core/memory/ccos_memory.py	267	module.EventLog.get_recent	self._conn.execute	unresolved candidate
ccos/core/memory/ccos_memory.py	275	module.EventLog.get_count	self._conn.execute	unresolved candidate
ccos/core/memory/ccos_memory.py	279	module.EventLog.get_count	self._conn.execute	unresolved candidate
ccos/core/performance_tracker.py	53	module.PerformanceTracker.__init__	Path(self._path).parent.mkdir	unresolved candidate
ccos/core/performance_tracker.py	59	module.PerformanceTracker._init_tables	self._conn.executescript	unresolved candidate
ccos/core/performance_tracker.py	100	module.PerformanceTracker._init_tables	self._conn.commit	unresolved candidate
ccos/core/performance_tracker.py	114	module.PerformanceTracker.record_execution	self._conn.execute	unresolved candidate
ccos/core/performance_tracker.py	125	module.PerformanceTracker.record_execution	self._conn.commit	unresolved candidate
ccos/core/performance_tracker.py	133	module.PerformanceTracker._update_version_stats	self._conn.execute	unresolved candidate
ccos/core/performance_tracker.py	145	module.PerformanceTracker._update_version_stats	self._conn.execute	unresolved candidate
ccos/core/performance_tracker.py	154	module.PerformanceTracker._update_version_stats	self._conn.execute	unresolved candidate
ccos/core/performance_tracker.py	162	module.PerformanceTracker._update_version_stats	self._conn.commit	unresolved candidate
ccos/core/performance_tracker.py	179	module.PerformanceTracker.get_capability_metrics	self._conn.execute	unresolved candidate
ccos/core/performance_tracker.py	219	module.PerformanceTracker.get_version_history	self._conn.execute	unresolved candidate
ccos/core/performance_tracker.py	229	module.PerformanceTracker.register_version	self._conn.execute	unresolved candidate
ccos/core/performance_tracker.py	233	module.PerformanceTracker.register_version	self._conn.execute	unresolved candidate
ccos/core/performance_tracker.py	239	module.PerformanceTracker.register_version	self._conn.commit	unresolved candidate
ccos/core/performance_tracker.py	243	module.PerformanceTracker.deprecate_version	self._conn.execute	unresolved candidate
ccos/core/performance_tracker.py	247	module.PerformanceTracker.deprecate_version	self._conn.commit	unresolved candidate
ccos/core/performance_tracker.py	254	module.PerformanceTracker.get_trend	self._conn.execute	unresolved candidate
ccos/core/performance_tracker.py	280	module.PerformanceTracker.get_weak_capabilities	self._conn.execute	unresolved candidate
ccos/core/performance_tracker.py	297	module.PerformanceTracker.take_snapshot	self._conn.execute	unresolved candidate
ccos/core/performance_tracker.py	303	module.PerformanceTracker.take_snapshot	self._conn.execute	unresolved candidate
ccos/core/performance_tracker.py	307	module.PerformanceTracker.take_snapshot	self._conn.commit	unresolved candidate
ccos/core/performance_tracker.py	311	module.PerformanceTracker.get_all_metrics	self._conn.execute	unresolved candidate
ccos/core/planner.py	399	module.Planner.execute_plan	pm.call_capability	unresolved candidate
ccos/core/plugin_manager.py	144	module.ProcessSupervisor.start_external_plugin	subprocess.Popen	unresolved candidate
ccos/core/plugin_manager.py	155	module.ProcessSupervisor.start_external_plugin	pid_path.parent.mkdir	unresolved candidate
ccos/core/plugin_manager.py	156	module.ProcessSupervisor.start_external_plugin	pid_path.write_text	unresolved candidate
ccos/core/plugin_manager.py	198	module.ProcessSupervisor.stop_external_plugin	pid_path.unlink	unresolved candidate
ccos/core/plugin_manager.py	239	module.ProcessSupervisor.stop_external_plugin	pid_path.unlink	unresolved candidate
ccos/core/plugin_manager.py	259	module.ProcessSupervisor.check_health	urllib.request.urlopen	unresolved candidate
ccos/core/plugin_manager.py	558	module.PluginManager.call_capability	urllib.request.urlopen	unresolved candidate
ccos/core/project_engine.py	646	module.ProjectEngine._save	path.parent.mkdir	unresolved candidate
ccos/core/project_engine.py	648	module.ProjectEngine._save	path.write_text	unresolved candidate
ccos/core/reflection_engine.py	208	module.ReflectionEngine._save	path.parent.mkdir	unresolved candidate
ccos/core/reflection_engine.py	220	module.ReflectionEngine._save	open	unresolved candidate
ccos/core/reflection_engine.py	221	module.ReflectionEngine._save	f.write	unresolved candidate
ccos/core/sandbox.py	175	module.Sandbox.__init__	ALLOWED_DIRS.copy	unresolved candidate
ccos/core/sandbox.py	214	module.Sandbox.run_command	os.environ.copy	unresolved candidate
ccos/core/sandbox.py	220	module.Sandbox.run_command	subprocess.run	unresolved candidate
ccos/core/sandbox.py	269	module.Sandbox.run_python	code_file.write_text	unresolved candidate
ccos/core/sandbox.py	317	module.Sandbox.install_package	target.mkdir	unresolved candidate
ccos/core/sandbox.py	327	module.Sandbox.create_workspace	ws.mkdir	unresolved candidate
ccos/core/sandbox.py	333	module.Sandbox.cleanup	shutil.rmtree	unresolved candidate
ccos/core/skill_recombiner.py	576	module.SkillRecombiner._process_pattern	skill.name.replace	unresolved candidate
ccos/core/skill_recombiner.py	577	module.SkillRecombiner._process_pattern	plugin_dir.mkdir	unresolved candidate
ccos/core/skill_recombiner.py	581	module.SkillRecombiner._process_pattern	(plugin_dir / 'manifest.json').write_text	unresolved candidate
ccos/core/skill_recombiner.py	585	module.SkillRecombiner._process_pattern	(plugin_dir / 'pipeline.py').write_text	unresolved candidate
ccos/core/skill_recombiner.py	589	module.SkillRecombiner._process_pattern	(plugin_dir / 'test.py').write_text	unresolved candidate
ccos/core/skill_recombiner.py	699	module.SkillRecombiner.execute_compound_skill	module.run	unresolved candidate
ccos/core/task_blackboard.py	29	module.TaskBlackboard.__init__	Path(self._path).parent.mkdir	unresolved candidate
ccos/core/task_blackboard.py	38	module.TaskBlackboard._init_db	cur.execute	unresolved candidate
ccos/core/task_blackboard.py	39	module.TaskBlackboard._init_db	cur.execute	unresolved candidate
ccos/core/task_blackboard.py	40	module.TaskBlackboard._init_db	cur.executescript	unresolved candidate
ccos/core/task_blackboard.py	98	module.TaskBlackboard._init_db	self._conn.commit	unresolved candidate
ccos/core/task_blackboard.py	114	module.TaskBlackboard.create_task	self._conn.execute	unresolved candidate
ccos/core/task_blackboard.py	126	module.TaskBlackboard.create_task	self._conn.commit	unresolved candidate
ccos/core/task_blackboard.py	136	module.TaskBlackboard._ensure_task_session	self._conn.execute	unresolved candidate
ccos/core/task_blackboard.py	143	module.TaskBlackboard._ensure_task_session	self._conn.commit	unresolved candidate
ccos/core/task_blackboard.py	154	module.TaskBlackboard.set	self._conn.execute	unresolved candidate
ccos/core/task_blackboard.py	165	module.TaskBlackboard.set	self._conn.execute	unresolved candidate
ccos/core/task_blackboard.py	169	module.TaskBlackboard.set	self._conn.commit	unresolved candidate
ccos/core/task_blackboard.py	177	module.TaskBlackboard.get	self._conn.execute	unresolved candidate
ccos/core/task_blackboard.py	191	module.TaskBlackboard.get_all	self._conn.execute	unresolved candidate
ccos/core/task_blackboard.py	206	module.TaskBlackboard.delete_key	self._conn.execute	unresolved candidate
ccos/core/task_blackboard.py	210	module.TaskBlackboard.delete_key	self._conn.commit	unresolved candidate
ccos/core/task_blackboard.py	223	module.TaskBlackboard.save_checkpoint	self._conn.execute	unresolved candidate
ccos/core/task_blackboard.py	230	module.TaskBlackboard.save_checkpoint	self._conn.execute	unresolved candidate
ccos/core/task_blackboard.py	234	module.TaskBlackboard.save_checkpoint	self._conn.commit	unresolved candidate
ccos/core/task_blackboard.py	240	module.TaskBlackboard.get_latest_checkpoint	self._conn.execute	unresolved candidate
ccos/core/task_blackboard.py	255	module.TaskBlackboard.get_checkpoints	self._conn.execute	unresolved candidate
ccos/core/task_blackboard.py	268	module.TaskBlackboard.get_task	self._conn.execute	unresolved candidate
ccos/core/task_blackboard.py	280	module.TaskBlackboard.complete_task	self._conn.execute	unresolved candidate
ccos/core/task_blackboard.py	284	module.TaskBlackboard.complete_task	self._conn.commit	unresolved candidate
ccos/core/task_blackboard.py	305	module.TaskBlackboard.park_escalation	self._conn.execute	unresolved candidate
ccos/core/task_blackboard.py	324	module.TaskBlackboard.park_escalation	self._conn.execute	unresolved candidate
ccos/core/task_blackboard.py	328	module.TaskBlackboard.park_escalation	self._conn.commit	unresolved candidate
ccos/core/task_blackboard.py	337	module.TaskBlackboard.list_escalations	self._conn.execute	unresolved candidate
ccos/core/task_blackboard.py	347	module.TaskBlackboard.list_escalations	self._conn.execute	unresolved candidate
ccos/core/task_blackboard.py	368	module.TaskBlackboard.get_escalation	self._conn.execute	unresolved candidate
ccos/core/task_blackboard.py	400	module.TaskBlackboard.resolve_escalation	self._conn.execute	unresolved candidate
ccos/core/task_blackboard.py	409	module.TaskBlackboard.resolve_escalation	self._conn.execute	unresolved candidate
ccos/core/task_blackboard.py	423	module.TaskBlackboard.resolve_escalation	self._conn.execute	unresolved candidate
ccos/core/task_blackboard.py	427	module.TaskBlackboard.resolve_escalation	self._conn.commit	unresolved candidate
ccos/core/task_blackboard.py	435	module.TaskBlackboard.cleanup_task	self._conn.execute	unresolved candidate
ccos/core/task_blackboard.py	439	module.TaskBlackboard.cleanup_task	self._conn.commit	unresolved candidate
ccos/core/task_blackboard.py	446	module.TaskBlackboard.purge_expired	self._conn.execute	unresolved candidate
ccos/core/task_blackboard.py	450	module.TaskBlackboard.purge_expired	self._conn.commit	unresolved candidate
ccos/core/telemetry_engine.py	99	module.TelemetryEngine.__init__	Path(self._path).parent.mkdir	unresolved candidate
ccos/core/telemetry_engine.py	112	module.TelemetryEngine._init_tables	self._conn.executescript	unresolved candidate
ccos/core/telemetry_engine.py	155	module.TelemetryEngine._init_tables	self._conn.commit	unresolved candidate
ccos/core/telemetry_engine.py	224	module.TelemetryEngine._flush_buffer_locked	self._conn.execute	unresolved candidate
ccos/core/telemetry_engine.py	248	module.TelemetryEngine._flush_buffer_locked	self._conn.commit	unresolved candidate
ccos/core/telemetry_engine.py	267	module.TelemetryEngine.update_baseline	self._conn.execute	unresolved candidate
ccos/core/telemetry_engine.py	297	module.TelemetryEngine.update_baseline	self._conn.execute	unresolved candidate
ccos/core/telemetry_engine.py	304	module.TelemetryEngine.update_baseline	self._conn.commit	unresolved candidate
ccos/core/telemetry_engine.py	321	module.TelemetryEngine.detect_drift	self._conn.execute	unresolved candidate
ccos/core/telemetry_engine.py	384	module.TelemetryEngine.get_drift_alerts	self._conn.execute	unresolved candidate
ccos/core/telemetry_engine.py	398	module.TelemetryEngine.compare_sandbox_vs_real	self._conn.execute	unresolved candidate
ccos/core/telemetry_engine.py	408	module.TelemetryEngine.compare_sandbox_vs_real	self._conn.execute	unresolved candidate
ccos/core/telemetry_engine.py	466	module.TelemetryEngine.get_health_report	self._conn.execute	unresolved candidate
ccos/core/telemetry_engine.py	479	module.TelemetryEngine.get_health_report	self._conn.execute	unresolved candidate
ccos/core/telemetry_engine.py	496	module.TelemetryEngine.get_health_report	self._conn.execute	unresolved candidate
ccos/core/telemetry_engine.py	510	module.TelemetryEngine.get_health_report	self._conn.execute	unresolved candidate
ccos/core/telemetry_engine.py	569	module.TelemetryEngine.get_insights_for_goal_engine	self._conn.execute	unresolved candidate
ccos/core/telemetry_engine.py	592	module.TelemetryEngine.get_optimization_recommendations	self._conn.execute	unresolved candidate
ccos/core/telemetry_engine.py	627	module.TelemetryEngine.get_recent_executions	self._conn.execute	unresolved candidate
ccos/core/telemetry_engine.py	633	module.TelemetryEngine.get_recent_executions	self._conn.execute	unresolved candidate
ccos/core/telemetry_engine.py	641	module.TelemetryEngine.get_execution_stats	self._conn.execute	unresolved candidate
ccos/core/telemetry_engine.py	645	module.TelemetryEngine.get_execution_stats	self._conn.execute	unresolved candidate
ccos/core/telemetry_engine.py	649	module.TelemetryEngine.get_execution_stats	self._conn.execute	unresolved candidate
ccos/core/telemetry_engine.py	653	module.TelemetryEngine.get_execution_stats	self._conn.execute	unresolved candidate
ccos/core/telemetry_engine.py	674	module.TelemetryEngine._load_baselines	self._conn.execute	unresolved candidate
ccos/core/telemetry_engine.py	685	module.TelemetryEngine._load_baseline_for	self._conn.execute	unresolved candidate
ccos/core/telemetry_engine.py	700	module.TelemetryEngine._save_drift_alert	self._conn.execute	unresolved candidate
ccos/core/telemetry_engine.py	712	module.TelemetryEngine._save_drift_alert	self._conn.commit	unresolved candidate
ccos/plugins/_pathutil.py	27	module.ensure_repo_root_on_path	sys.path.remove	unresolved candidate
ccos/plugins/coding/error_recovery/error_recovery.py	148	module.test	shutil.rmtree	unresolved candidate
ccos/plugins/coding/task_queue/task_queue.py	114	module.test	Path(path).unlink	unresolved candidate
ccos/plugins/device/termux_api/capability_tools.py	7	module.device_battery	get_termux_api().execute	unresolved candidate
ccos/plugins/device/termux_api/capability_tools.py	8	module.device_brightness	get_termux_api().execute	unresolved candidate
ccos/plugins/device/termux_api/capability_tools.py	9	module.device_camera_info	get_termux_api().execute	unresolved candidate
ccos/plugins/device/termux_api/capability_tools.py	10	module.device_camera_photo	get_termux_api().execute	unresolved candidate
ccos/plugins/device/termux_api/capability_tools.py	11	module.device_camera_record	get_termux_api().execute	unresolved candidate
ccos/plugins/device/termux_api/capability_tools.py	12	module.device_clipboard_get	get_termux_api().execute	unresolved candidate
ccos/plugins/device/termux_api/capability_tools.py	13	module.device_clipboard_set	get_termux_api().execute	unresolved candidate
ccos/plugins/device/termux_api/capability_tools.py	14	module.device_contact_list	get_termux_api().execute	unresolved candidate
ccos/plugins/device/termux_api/capability_tools.py	15	module.device_dialog	get_termux_api().execute	unresolved candidate
ccos/plugins/device/termux_api/capability_tools.py	16	module.device_location	get_termux_api().execute	unresolved candidate
ccos/plugins/device/termux_api/capability_tools.py	17	module.device_microphone_record	get_termux_api().execute	unresolved candidate
ccos/plugins/device/termux_api/capability_tools.py	18	module.device_microphone_info	get_termux_api().execute	unresolved candidate
ccos/plugins/device/termux_api/capability_tools.py	19	module.device_notification	get_termux_api().execute	unresolved candidate
ccos/plugins/device/termux_api/capability_tools.py	20	module.device_notification_remove	get_termux_api().execute	unresolved candidate
ccos/plugins/device/termux_api/capability_tools.py	21	module.device_sensor_list	get_termux_api().execute	unresolved candidate
ccos/plugins/device/termux_api/capability_tools.py	22	module.device_sensor_read	get_termux_api().execute	unresolved candidate
ccos/plugins/device/termux_api/capability_tools.py	23	module.device_share	get_termux_api().execute	unresolved candidate
ccos/plugins/device/termux_api/capability_tools.py	24	module.device_sms_list	get_termux_api().execute	unresolved candidate
ccos/plugins/device/termux_api/capability_tools.py	25	module.device_sms_send	get_termux_api().execute	unresolved candidate
ccos/plugins/device/termux_api/capability_tools.py	26	module.device_storage_get	get_termux_api().execute	unresolved candidate
ccos/plugins/device/termux_api/capability_tools.py	27	module.device_storage_scan	get_termux_api().execute	unresolved candidate
ccos/plugins/device/termux_api/capability_tools.py	28	module.device_torch	get_termux_api().execute	unresolved candidate
ccos/plugins/device/termux_api/capability_tools.py	29	module.device_tts_speak	get_termux_api().execute	unresolved candidate
ccos/plugins/device/termux_api/capability_tools.py	30	module.device_tts_engines	get_termux_api().execute	unresolved candidate
ccos/plugins/device/termux_api/capability_tools.py	31	module.device_vibrate	get_termux_api().execute	unresolved candidate
ccos/plugins/device/termux_api/capability_tools.py	32	module.device_volume	get_termux_api().execute	unresolved candidate
ccos/plugins/device/termux_api/capability_tools.py	33	module.device_wallpaper	get_termux_api().execute	unresolved candidate
ccos/plugins/device/termux_api/capability_tools.py	34	module.device_wifi_connection	get_termux_api().execute	unresolved candidate
ccos/plugins/device/termux_api/capability_tools.py	35	module.device_wifi_scan	get_termux_api().execute	unresolved candidate
ccos/plugins/device/termux_api/capability_tools.py	36	module.device_wifi_enable	get_termux_api().execute	unresolved candidate
ccos/plugins/device/termux_api/capability_tools.py	37	module.device_telephony_deviceinfo	get_termux_api().execute	unresolved candidate
ccos/plugins/device/termux_api/capability_tools.py	38	module.device_telephony_cellinfo	get_termux_api().execute	unresolved candidate
ccos/plugins/device/termux_api/capability_tools.py	39	module.device_telephony_call	get_termux_api().execute	unresolved candidate
ccos/plugins/device/termux_api/capability_tools.py	40	module.device_usb	get_termux_api().execute	unresolved candidate
ccos/plugins/device/termux_api/capability_tools.py	41	module.device_job_scheduler	get_termux_api().execute	unresolved candidate
ccos/plugins/device/termux_api/capability_tools.py	42	module.network_download	get_termux_api().execute	unresolved candidate
ccos/plugins/device/termux_api/capability_tools.py	43	module.network_websearch	get_termux_api().execute	unresolved candidate
ccos/plugins/device/termux_api/capability_tools.py	44	module.network_open_url	get_termux_api().execute	unresolved candidate
ccos/plugins/device/termux_api/capability_tools.py	45	module.hardware_ir_transmit	get_termux_api().execute	unresolved candidate
ccos/plugins/device/termux_api/capability_tools.py	46	module.speech_to_text	get_termux_api().execute	unresolved candidate
ccos/plugins/device/termux_api/capability_tools.py	47	module.device_notification_list	get_termux_api().execute	unresolved candidate
ccos/plugins/device/termux_api/extended_api.py	21	module._run	subprocess.run	unresolved candidate
ccos/plugins/device/termux_api/termux_api.py	141	module.TermuxAPI.execute	subprocess.run	unresolved candidate
ccos/plugins/system/system_info/system_info.py	17	module.get_system_info	platform.system	unresolved candidate
ccos/plugins/system/system_info/system_info.py	35	module.list_processes	subprocess.run	unresolved candidate
ccos/plugins/system/system_info/system_info.py	56	module._get_uptime	subprocess.run	unresolved candidate
ccos/plugins/system/system_info/system_info.py	104	module._get_disk_info	subprocess.run	unresolved candidate
ccos/plugins/vision/camera_capture/camera.py	22	module.list_cameras	dev.name.replace	unresolved candidate
ccos/plugins/vision/camera_capture/camera.py	95	module.capture_image	subprocess.run	unresolved candidate
core/action_gateway.py	113	module._append_audit	path.parent.mkdir	unresolved candidate
core/action_gateway.py	114	module._append_audit	open	unresolved candidate
core/action_gateway.py	115	module._append_audit	f.write	unresolved candidate
core/action_gateway.py	201	module.ActionGateway.gate_write	filesystem.write	unresolved candidate
core/action_gateway.py	425	module.ActionGateway.gate_exec	execute	unresolved candidate
core/agent.py	228	module.tool_peer_delegate._gate_call._attempt	mgr.call	unresolved candidate
core/agent.py	232	module.tool_peer_delegate._gate_call	get_action_gateway().gate_exec	unresolved candidate
core/agent.py	380	module.tool_crm_query	pm.call_capability	unresolved candidate
core/agent.py	542	module.extract_json._fix_triple_quotes	inner.replace	unresolved candidate
core/agent.py	543	module.extract_json._fix_triple_quotes	inner.replace	unresolved candidate
core/agent.py	544	module.extract_json._fix_triple_quotes	inner.replace	unresolved candidate
core/agent.py	545	module.extract_json._fix_triple_quotes	inner.replace	unresolved candidate
core/agent.py	546	module.extract_json._fix_triple_quotes	inner.replace	unresolved candidate
core/agent.py	644	module.extract_json._fix_unquoted_values._replacer	val[1:-1].replace	unresolved candidate
core/agent.py	645	module.extract_json._fix_unquoted_values._replacer	inner.replace('\\', '\\\\').replace	unresolved candidate
core/agent.py	645	module.extract_json._fix_unquoted_values._replacer	inner.replace	unresolved candidate
core/agent.py	647	module.extract_json._fix_unquoted_values._replacer	val.replace('\\', '\\\\').replace	unresolved candidate
core/agent.py	647	module.extract_json._fix_unquoted_values._replacer	val.replace	unresolved candidate
core/agent.py	1627	module.run_agent._attempt	_mgr.call	unresolved candidate
core/agent.py	1629	module.run_agent	get_action_gateway().gate_exec	unresolved candidate
core/agent.py	1667	module.run_agent	open	unresolved candidate
core/agent.py	1668	module.run_agent	_dfile.write	unresolved candidate
core/agent.py	2201	module.run_agent	execute_tool	unresolved candidate
core/background.py	347	module.FileWatchManager.add_watch	watch_path.mkdir	unresolved candidate
core/backup_documents.py	36	module.get_public_key	subprocess.check_output	unresolved candidate
core/backup_documents.py	44	module.encrypt_file	subprocess.check_call	unresolved candidate
core/backup_documents.py	55	module.write_state_atomically	os.replace	unresolved candidate
core/backup_documents.py	128	module.do_backup	os.remove	unresolved candidate
core/backup_secrets.py	58	module.get_at_rest_public_key	subprocess.run	unresolved candidate
core/backup_secrets.py	155	module._run	tarfile.open	unresolved candidate
core/backup_secrets.py	162	module._run	subprocess.run	unresolved candidate
core/backup_secrets.py	184	module._run	shutil.rmtree	unresolved candidate
core/checkpoint.py	27	module	CHECKPOINT_DIR.mkdir	unresolved candidate
core/checkpoint.py	80	module.create_checkpoint	backup_dir.mkdir	unresolved candidate
core/checkpoint.py	95	module.create_checkpoint	dest.parent.mkdir	unresolved candidate
core/checkpoint.py	96	module.create_checkpoint	shutil.copy2	unresolved candidate
core/checkpoint.py	111	module.create_checkpoint	shutil.copy2	unresolved candidate
core/checkpoint.py	121	module.create_checkpoint	state.execute	unresolved candidate
core/checkpoint.py	143	module._create_git_commit	subprocess.run	unresolved candidate
core/checkpoint.py	151	module._create_git_commit	subprocess.run	unresolved candidate
core/checkpoint.py	161	module._create_git_commit.execute	subprocess.run	unresolved candidate
core/checkpoint.py	167	module._create_git_commit.execute	subprocess.run	unresolved candidate
core/checkpoint.py	174	module._create_git_commit.execute	subprocess.run	unresolved candidate
core/checkpoint.py	181	module._create_git_commit.execute	subprocess.run	unresolved candidate
core/checkpoint.py	188	module._create_git_commit	get_action_gateway().gate_exec	unresolved candidate
core/checkpoint.py	292	module.rollback.execute	subprocess.run	unresolved candidate
core/checkpoint.py	299	module.rollback.execute	destination.parent.mkdir	unresolved candidate
core/checkpoint.py	300	module.rollback.execute	shutil.copy2	unresolved candidate
core/checkpoint.py	303	module.rollback.execute	subprocess.run	unresolved candidate
core/checkpoint.py	313	module.rollback	get_action_gateway().gate_exec	unresolved candidate
core/checkpoint.py	383	module.prune_checkpoints	shutil.rmtree	unresolved candidate
core/checkpoint.py	397	module._extend_state_schema	state.execute	unresolved candidate
core/codeymd.py	39	module.write_codeymd	path.write_text	unresolved candidate
core/daemon.py	137	module.check_pid_file	PID_FILE.unlink	unresolved candidate
core/daemon.py	150	module.write_pid_file	open	unresolved candidate
core/daemon.py	153	module.write_pid_file	f.write	unresolved candidate
core/daemon.py	161	module.remove_pid_file	PID_FILE.unlink	unresolved candidate
core/daemon.py	653	module.DaemonServer._handle_client	writer.write	unresolved candidate
core/daemon.py	679	module.DaemonServer._handle_client	writer.write	unresolved candidate
core/daemon.py	684	module.DaemonServer._handle_client	writer.write	unresolved candidate
core/daemon.py	689	module.DaemonServer._handle_client	writer.write	unresolved candidate
core/daemon.py	703	module.DaemonServer.start	SOCKET_FILE.unlink	unresolved candidate
core/daemon.py	722	module.DaemonServer.stop	SOCKET_FILE.unlink	unresolved candidate
core/daemon.py	867	module.Daemon.__init__	DAEMON_DIR.mkdir	unresolved candidate
core/daemon.py	2159	module.Daemon.run	asyncio.run	unresolved candidate
core/daemon.py	2197	module.send_command	sock.sendall	unresolved candidate
core/daemon.py	2312	module.main	daemon.run	unresolved candidate
core/daemon_config.py	21	module	CONFIG_DIR.mkdir	unresolved candidate
core/daemon_config.py	75	module.DaemonConfig._load_config	DEFAULT_CONFIG.copy	unresolved candidate
core/daemon_config.py	76	module.DaemonConfig._load_config	DEFAULT_CONFIG.copy	unresolved candidate
core/daemon_config.py	80	module.DaemonConfig._merge_configs	base.copy	unresolved candidate
core/daemon_config.py	121	module.DaemonConfig.save	open	unresolved candidate
core/daemon_config.py	127	module.DaemonConfig.create_default_config	open	unresolved candidate
core/daemon_config.py	134	module.DaemonConfig.all	self._config.copy	unresolved candidate
core/dashboard_data.py	44	module.get_snapshot	_plugin_manager().call_capability	unresolved candidate
core/display.py	124	module.show_tool_generic	name.replace	unresolved candidate
core/embed_server.py	161	module.EmbedServer.start	log_file.parent.mkdir	unresolved candidate
core/embed_server.py	163	module.EmbedServer.start	open	unresolved candidate
core/embed_server.py	164	module.EmbedServer.start	log_fd.write	unresolved candidate
core/embed_server.py	167	module.EmbedServer.start	subprocess.Popen	unresolved candidate
core/embed_server.py	575	module.EmbedServer._check_health	urllib.request.urlopen	unresolved candidate
core/embeddings.py	82	module.EmbeddingModel._load_model	urllib.request.urlopen	unresolved candidate
core/embeddings.py	147	module.EmbeddingModel._embed_via_server	urllib.request.urlopen	unresolved candidate
core/embeddings.py	172	module.EmbeddingStore.__init__	STATE_DB_FILE.parent.mkdir	unresolved candidate
core/embeddings.py	186	module.EmbeddingStore._ensure_schema	cursor.execute	unresolved candidate
core/embeddings.py	196	module.EmbeddingStore._ensure_schema	cursor.execute	unresolved candidate
core/embeddings.py	200	module.EmbeddingStore._ensure_schema	conn.commit	unresolved candidate
core/embeddings.py	208	module.EmbeddingStore.store	cursor.execute	unresolved candidate
core/embeddings.py	216	module.EmbeddingStore.store	conn.commit	unresolved candidate
core/embeddings.py	225	module.EmbeddingStore.store_batch	cursor.executemany	unresolved candidate
core/embeddings.py	233	module.EmbeddingStore.store_batch	conn.commit	unresolved candidate
core/embeddings.py	253	module.EmbeddingStore.search	cursor.execute	unresolved candidate
core/embeddings.py	294	module.EmbeddingStore.delete_by_file	cursor.execute	unresolved candidate
core/embeddings.py	299	module.EmbeddingStore.delete_by_file	conn.commit	unresolved candidate
core/embeddings.py	308	module.EmbeddingStore.count	cursor.execute	unresolved candidate
core/error_database.py	354	module.ErrorDatabase.clear	self.state.delete	unresolved candidate
core/export_hygiene.py	107	module._scan_view	line.replace('\\n', '\n').replace('\\t', '\t').replace	unresolved candidate
core/export_hygiene.py	107	module._scan_view	line.replace('\\n', '\n').replace	unresolved candidate
core/export_hygiene.py	107	module._scan_view	line.replace	unresolved candidate
core/filehistory.py	65	module.undo	p.write_text	unresolved candidate
core/filesystem.py	199	module.Filesystem.write	path.parent.mkdir	unresolved candidate
core/filesystem.py	206	module.Filesystem.write	path.write_text	unresolved candidate
core/filesystem.py	256	module.Filesystem.patch	content.replace	unresolved candidate
core/filesystem.py	265	module.Filesystem.patch	path.write_text	unresolved candidate
core/filesystem.py	306	module.Filesystem.append	path.parent.mkdir	unresolved candidate
core/filesystem.py	307	module.Filesystem.append	path.write_text	unresolved candidate
core/filesystem.py	315	module.Filesystem.append	open	unresolved candidate
core/filesystem.py	316	module.Filesystem.append	f.write	unresolved candidate
core/finetune_prep.py	353	module.export_dataset	output_dir.mkdir	unresolved candidate
core/finetune_prep.py	401	module._write_jsonl	f.write	unresolved candidate
core/finetune_prep.py	403	module._write_jsonl	os.replace	unresolved candidate
core/finetune_prep.py	407	module._write_jsonl	os.unlink	unresolved candidate
core/finetune_prep.py	687	module.generate_notebook	output_dir.mkdir	unresolved candidate
core/finetune_prep.py	718	module.generate_notebook	open	unresolved candidate
core/finetune_prep.py	759	module.generate_notebook	open	unresolved candidate
core/finetune_prep.py	871	module.prepare_finetune_data	output_path.mkdir	unresolved candidate
core/fixmode.py	19	module.run_and_capture	subprocess.run	unresolved candidate
core/githelper.py	19	module.is_git_repo	subprocess.run	unresolved candidate
core/githelper.py	25	module.git_status	subprocess.run	unresolved candidate
core/githelper.py	31	module.git_diff_stat	subprocess.run	unresolved candidate
core/githelper.py	39	module.git_log	subprocess.run	unresolved candidate
core/githelper.py	48	module.git_current_branch	subprocess.run	unresolved candidate
core/githelper.py	83	module._gate_local_commit	get_action_gateway().gate_exec	unresolved candidate
core/githelper.py	107	module.git_commit.attempt	subprocess.run	unresolved candidate
core/githelper.py	115	module.git_commit.attempt	subprocess.run	unresolved candidate
core/githelper.py	128	module.git_status_paths	subprocess.run	unresolved candidate
core/githelper.py	153	module.git_commit_paths.attempt	subprocess.run	unresolved candidate
core/githelper.py	161	module.git_commit_paths.attempt	subprocess.run	unresolved candidate
core/githelper.py	186	module.git_push.execute	subprocess.run	unresolved candidate
core/githelper.py	198	module.git_push	get_action_gateway().gate_exec	unresolved candidate
core/githelper.py	222	module.git_branches	subprocess.run	unresolved candidate
core/githelper.py	266	module.git_branch_create.execute	subprocess.run	unresolved candidate
core/githelper.py	281	module.git_branch_create	get_action_gateway().gate_exec	unresolved candidate
core/githelper.py	313	module.git_checkout.execute	subprocess.run	unresolved candidate
core/githelper.py	327	module.git_checkout	get_action_gateway().gate_exec	unresolved candidate
core/githelper.py	359	module.git_merge.execute	subprocess.run	unresolved candidate
core/githelper.py	378	module.git_merge	get_action_gateway().gate_exec	unresolved candidate
core/githelper.py	402	module.detect_conflicts	subprocess.run	unresolved candidate
core/githelper.py	408	module.detect_conflicts	subprocess.run	unresolved candidate
core/githelper.py	492	module.git_diff_for_commit	subprocess.run	unresolved candidate
core/githelper.py	500	module.git_diff_for_commit	subprocess.run	unresolved candidate
core/githelper.py	512	module.git_commit_log_messages	subprocess.run	unresolved candidate
core/inference.py	20	module._server_ready	urllib.request.urlopen	unresolved candidate
core/inference.py	158	module.infer	urllib.request.urlopen	unresolved candidate
core/inference_hybrid.py	321	module.ChatCompletionBackend.check_health	urllib.request.urlopen	unresolved candidate
core/inference_hybrid.py	598	module.ChatCompletionBackend._infer_blocking	urllib.request.urlopen	unresolved candidate
core/inference_hybrid.py	673	module.ChatCompletionBackend._infer_streaming	urllib.request.urlopen	unresolved candidate
core/inference_hybrid.py	714	module.ChatCompletionBackend._infer_streaming	sys.stdout.write	unresolved candidate
core/inference_hybrid.py	775	module.ChatCompletionBackend._infer_streaming	sys.stdout.write	unresolved candidate
core/inference_openrouter.py	129	module.OpenRouterBackend._infer_blocking	urllib.request.urlopen	unresolved candidate
core/inference_openrouter.py	156	module.OpenRouterBackend._infer_streaming	urllib.request.urlopen	unresolved candidate
core/inference_openrouter.py	179	module.OpenRouterBackend._infer_streaming	sys.stdout.write	unresolved candidate
core/inference_openrouter.py	196	module.OpenRouterBackend._infer_streaming	sys.stdout.write	unresolved candidate
core/inference_v2.py	146	module._infer_chat._tick	sys.stdout.write	unresolved candidate
core/inference_v2.py	153	module._infer_chat._on_first_token	sys.stdout.write	unresolved candidate
core/linter.py	144	module.run_linter._try_ruff	subprocess.run	unresolved candidate
core/linter.py	157	module.run_linter._try_flake8	subprocess.run	unresolved candidate
core/linter.py	209	module.run_all_linters	subprocess.run	unresolved candidate
core/linter.py	221	module.run_all_linters	subprocess.run	unresolved candidate
core/linter.py	233	module.run_all_linters	subprocess.run	unresolved candidate
core/loader_v2.py	84	module.probe_port_health	urllib.request.urlopen	unresolved candidate
core/loader_v2.py	565	module.LlamaServer.start	lock_path.parent.mkdir	unresolved candidate
core/loader_v2.py	566	module.LlamaServer.start	open	unresolved candidate
core/loader_v2.py	591	module.LlamaServer.start	open	unresolved candidate
core/loader_v2.py	760	module.LlamaServer._spawn_locked	log_file.parent.mkdir	unresolved candidate
core/loader_v2.py	762	module.LlamaServer._spawn_locked	open	unresolved candidate
core/loader_v2.py	777	module.LlamaServer._spawn_locked	subprocess.run	unresolved candidate
core/loader_v2.py	786	module.LlamaServer._spawn_locked	f.write	unresolved candidate
core/loader_v2.py	787	module.LlamaServer._spawn_locked	f.write	unresolved candidate
core/loader_v2.py	789	module.LlamaServer._spawn_locked	f.write	unresolved candidate
core/loader_v2.py	793	module.LlamaServer._spawn_locked	f.write	unresolved candidate
core/loader_v2.py	797	module.LlamaServer._spawn_locked	open	unresolved candidate
core/loader_v2.py	799	module.LlamaServer._spawn_locked	subprocess.Popen	unresolved candidate
core/loader_v2.py	809	module.LlamaServer._spawn_locked	open	unresolved candidate
core/loader_v2.py	810	module.LlamaServer._spawn_locked	f.write	unresolved candidate
core/loader_v2.py	811	module.LlamaServer._spawn_locked	os.rename	unresolved candidate
core/loader_v2.py	940	module.LlamaServer.stop	(CODEY_STATE_DIR / f'llama-server-{self.port}.pid').unlink	unresolved candidate
core/loader_v2.py	951	module.LlamaServer._check_health	urllib.request.urlopen	unresolved candidate
core/loader_v2.py	973	module.LlamaServer._is_port_in_use	urllib.request.urlopen	unresolved candidate
core/loader_v2.py	1028	module.LlamaServer.infer	urllib.request.urlopen	unresolved candidate
core/lora_import.py	266	module._merge_with_shell	subprocess.run	unresolved candidate
core/lora_import.py	279	module._merge_with_shell	temp_merged.rename	unresolved candidate
core/lora_import.py	284	module._merge_with_shell	subprocess.run	unresolved candidate
core/lora_import.py	289	module._merge_with_shell	temp_merged.unlink	unresolved candidate
core/lora_import.py	298	module._merge_with_shell	temp_merged.rename	unresolved candidate
core/lora_import.py	443	module.create_backup_before_import	shutil.copy2	unresolved candidate
core/lora_import.py	511	module.rollback_to_backup	shutil.copy2	unresolved candidate
core/lora_import.py	513	module.rollback_to_backup	backup.unlink	unresolved candidate
core/lora_import.py	711	module.import_lora_adapter	output_path.parent.mkdir	unresolved candidate
core/memory_v2.py	460	module.SymbolicMemory.observe	self._graph.execute	unresolved candidate
core/memory_v2.py	481	module.SymbolicMemory.relate	self._graph.execute	unresolved candidate
core/memory_v2.py	492	module.SymbolicMemory.query	self._graph.execute	unresolved candidate
core/memory_v2.py	586	module.Memory.unload_file	self.working.remove	unresolved candidate
core/model_registry.py	51	module._extend_state_schema	state.execute	unresolved candidate
core/model_registry.py	105	module.record_adoption_attempt	state.execute	unresolved candidate
core/notes.py	35	module._save.persist	_NOTES_FILE.parent.mkdir	unresolved candidate
core/notes.py	36	module._save.persist	_NOTES_FILE.write_text	unresolved candidate
core/notes.py	44	module._save	get_action_gateway().gate_exec	unresolved candidate
core/peer_cli.py	160	module.PeerCLIManager._is_installed	subprocess.run	unresolved candidate
core/peer_cli.py	400	module.escalate	mgr.call	unresolved candidate
core/peer_cli.py	538	module.execute_parked_escalation	get_action_gateway().gate_exec	unresolved candidate
core/peer_cli.py	543	module.execute_parked_escalation	mgr.call	unresolved candidate
core/peer_shell.py	67	module._LiveCapture.write	sys.stdout.write	unresolved candidate
core/peer_shell.py	69	module._LiveCapture.write	self._buf.write	unresolved candidate
core/peer_shell.py	262	module.run_prompted	subprocess.Popen	unresolved candidate
core/peer_shell.py	270	module.run_prompted	sys.stdout.write	unresolved candidate
core/peer_shell.py	319	module.run_positional	subprocess.Popen	unresolved candidate
core/peer_shell.py	328	module.run_positional	sys.stdout.write	unresolved candidate
core/peer_shell.py	375	module.run_direct	subprocess.run	unresolved candidate
core/peer_shell.py	385	module.run_direct	Path(outfile).unlink	unresolved candidate
core/peer_shell.py	523	module._run_basic_fallback	open	unresolved candidate
core/peer_shell.py	524	module._run_basic_fallback	subprocess.Popen	unresolved candidate
core/peer_shell.py	536	module._run_basic_fallback	pathlib.Path(outfile).unlink	unresolved candidate
core/plannd.py	698	module._get_plan_remote	_req.urlopen	unresolved candidate
core/plannd.py	947	module.get_plan	urllib.request.urlopen	unresolved candidate
core/planner_v2.py	166	module.Planner._update_task_dependencies	self.state.execute	unresolved candidate
core/planner_v2.py	258	module.Planner.fail_task	self.state.execute	unresolved candidate
core/preferences.py	532	module.PreferenceManager._sync_to_codeymd	gateway.gate_write	unresolved candidate
core/preferences.py	604	module.PreferenceManager.clear	self.state.delete	unresolved candidate
core/project.py	138	module.detect_project	sig.replace	unresolved candidate
core/recovery.py	433	module.execute_strategy	subprocess.run	unresolved candidate
core/recovery.py	455	module.execute_strategy	subprocess.run	unresolved candidate
core/recovery.py	476	module.execute_strategy	parent.mkdir	unresolved candidate
core/recovery.py	489	module.execute_strategy	subprocess.run	unresolved candidate
core/recovery.py	507	module.execute_strategy	subprocess.run	unresolved candidate
core/resource_bus.py	114	module._get_db_path	base.mkdir	unresolved candidate
core/resource_bus.py	120	module._get_lock_path	base.mkdir	unresolved candidate
core/resource_bus.py	126	module._init_db	conn.execute	unresolved candidate
core/resource_bus.py	127	module._init_db	conn.execute	unresolved candidate
core/resource_bus.py	128	module._init_db	conn.execute	unresolved candidate
core/resource_bus.py	141	module._init_db	conn.execute	unresolved candidate
core/resource_bus.py	156	module._init_db	conn.execute	unresolved candidate
core/resource_bus.py	157	module._init_db	conn.execute	unresolved candidate
core/resource_bus.py	158	module._init_db	conn.commit	unresolved candidate
core/resource_bus.py	166	module._locked_db	open	unresolved candidate
core/resource_bus.py	173	module._locked_db	conn.commit	unresolved candidate
core/resource_bus.py	261	module._reap_stale_records_locked	cursor.execute	unresolved candidate
core/resource_bus.py	270	module._reap_stale_records_locked	cursor.execute	unresolved candidate
core/resource_bus.py	277	module._reap_stale_records_locked	cursor.execute	unresolved candidate
core/resource_bus.py	286	module._reap_stale_records_locked	cursor.execute	unresolved candidate
core/resource_bus.py	367	module.acquire_context_lease	cursor.execute	unresolved candidate
core/resource_bus.py	395	module.acquire_context_lease	cursor.execute	unresolved candidate
core/resource_bus.py	436	module.release_context_lease	cursor.execute	unresolved candidate
core/resource_bus.py	487	module.request_resource	cursor.execute	unresolved candidate
core/resource_bus.py	498	module.request_resource	cursor.execute	unresolved candidate
core/resource_bus.py	531	module.request_resource	cursor.execute	unresolved candidate
core/resource_bus.py	571	module.release_lease	cursor.execute	unresolved candidate
core/resource_bus.py	590	module.poll_queue	cursor.execute	unresolved candidate
core/resource_gate.py	3083	module._state_paths	base.mkdir	unresolved candidate
core/resource_gate.py	3323	module._write_state_locked	os.replace	unresolved candidate
core/resource_gate.py	3326	module._write_state_locked	os.unlink	unresolved candidate
core/resource_gate.py	3343	module._LockedState.__enter__	open	unresolved candidate
core/resource_gate.py	4014	module.is_tui_session_active	entry.unlink	unresolved candidate
core/resource_gate.py	4021	module.is_tui_session_active	entry.unlink	unresolved candidate
core/resource_gate.py	4429	module._fetch_slots_prompt_tokens	urllib.request.urlopen	unresolved candidate
core/resource_gate.py	4481	module._tokenize_via_server	urllib.request.urlopen	unresolved candidate
core/search.py	55	module.search_in_project	subprocess.run	unresolved candidate
core/sessions.py	42	module._session_path	SESSIONS_DIR.mkdir	unresolved candidate
core/sessions.py	60	module.save_session	turn.copy	unresolved candidate
core/sessions.py	71	module.save_session	path.write_text	unresolved candidate
core/sessions.py	99	module.load_session	saved_at_str[:16].replace	unresolved candidate
core/sessions.py	112	module.clear_session	path.unlink	unresolved candidate
core/sessions.py	120	module.list_sessions	SESSIONS_DIR.mkdir	unresolved candidate
core/sessions.py	130	module.list_sessions	data.get('saved_at', '')[:16].replace	unresolved candidate
core/setup_dr_key.py	36	module._generate_keypair	subprocess.run	unresolved candidate
core/setup_dr_key.py	153	module.main	config_path.parent.mkdir	unresolved candidate
core/setup_dr_key.py	154	module.main	open	unresolved candidate
core/setup_dr_key.py	156	module.main	f.write	unresolved candidate
core/setup_litestream.py	34	module.main	out_path.write_text	unresolved candidate
core/skills.py	66	module.load_relevant_skills	raw.replace	unresolved candidate
core/state.py	26	module	STATE_DIR.mkdir	unresolved candidate
core/state.py	48	module.StateStore.__init__	self._conn.execute	unresolved candidate
core/state.py	65	module.StateStore._init_schema	cur.execute	unresolved candidate
core/state.py	74	module.StateStore._init_schema	cur.execute	unresolved candidate
core/state.py	100	module.StateStore._init_schema	cur.execute	unresolved candidate
core/state.py	105	module.StateStore._init_schema	cur.execute	unresolved candidate
core/state.py	115	module.StateStore._init_schema	cur.execute	unresolved candidate
core/state.py	126	module.StateStore._init_schema	cur.execute	unresolved candidate
core/state.py	136	module.StateStore._init_schema	cur.execute	unresolved candidate
core/state.py	146	module.StateStore._init_schema	cur.execute	unresolved candidate
core/state.py	156	module.StateStore._init_schema	self._conn.commit	unresolved candidate
core/state.py	164	module.StateStore.get	cur.execute	unresolved candidate
core/state.py	171	module.StateStore.set	self._conn.execute	unresolved candidate
core/state.py	175	module.StateStore.set	self._conn.commit	unresolved candidate
core/state.py	180	module.StateStore.delete	self._conn.execute	unresolved candidate
core/state.py	181	module.StateStore.delete	self._conn.commit	unresolved candidate
core/state.py	187	module.StateStore.get_all	self._conn.execute	unresolved candidate
core/state.py	204	module.StateStore.add_task	self._conn.execute	unresolved candidate
core/state.py	209	module.StateStore.add_task	self._conn.commit	unresolved candidate
core/state.py	215	module.StateStore.get_task	self._conn.execute	unresolved candidate
core/state.py	230	module.StateStore.get_next_pending	self._conn.execute	unresolved candidate
core/state.py	244	module.StateStore.get_next_pending	self._conn.execute	unresolved candidate
core/state.py	261	module.StateStore.try_claim_task	self._conn.execute	unresolved candidate
core/state.py	266	module.StateStore.try_claim_task	self._conn.commit	unresolved candidate
core/state.py	272	module.StateStore.start_task	self._conn.execute	unresolved candidate
core/state.py	276	module.StateStore.start_task	self._conn.commit	unresolved candidate
core/state.py	281	module.StateStore.complete_task	self._conn.execute	unresolved candidate
core/state.py	285	module.StateStore.complete_task	self._conn.commit	unresolved candidate
core/state.py	290	module.StateStore.fail_task	self._conn.execute	unresolved candidate
core/state.py	294	module.StateStore.fail_task	self._conn.commit	unresolved candidate
core/state.py	299	module.StateStore.increment_retry	self._conn.execute	unresolved candidate
core/state.py	303	module.StateStore.increment_retry	self._conn.commit	unresolved candidate
core/state.py	314	module.StateStore.clear_needs_planning	self._conn.execute	unresolved candidate
core/state.py	318	module.StateStore.clear_needs_planning	self._conn.commit	unresolved candidate
core/state.py	332	module.StateStore.cancel_task	self._conn.execute	unresolved candidate
core/state.py	336	module.StateStore.cancel_task	self._conn.commit	unresolved candidate
core/state.py	342	module.StateStore.get_tasks_by_status	self._conn.execute	unresolved candidate
core/state.py	348	module.StateStore.get_all_tasks	self._conn.execute	unresolved candidate
core/state.py	356	module.StateStore.log_action	self._conn.execute	unresolved candidate
core/state.py	360	module.StateStore.log_action	self._conn.commit	unresolved candidate
core/state.py	365	module.StateStore.get_recent_actions	self._conn.execute	unresolved candidate
core/state.py	373	module.StateStore.get_actions_since	self._conn.execute	unresolved candidate
core/state.py	383	module.StateStore.clear_old_actions	self._conn.execute	unresolved candidate
core/state.py	384	module.StateStore.clear_old_actions	self._conn.commit	unresolved candidate
core/state.py	393	module.StateStore.save_model_state	self._conn.execute	unresolved candidate
core/state.py	397	module.StateStore.save_model_state	self._conn.commit	unresolved candidate
core/state.py	402	module.StateStore.get_model_state	self._conn.execute	unresolved candidate
core/state.py	417	module.StateStore.update_model_swap	self._conn.execute	unresolved candidate
core/state.py	421	module.StateStore.update_model_swap	self._conn.commit	unresolved candidate
core/state.py	428	module.StateStore.get_checkpoints	self._conn.execute	unresolved candidate
core/state.py	436	module.StateStore.get_checkpoint	self._conn.execute	unresolved candidate
core/state.py	443	module.StateStore.delete_checkpoint	self._conn.execute	unresolved candidate
core/state.py	444	module.StateStore.delete_checkpoint	self._conn.commit	unresolved candidate
core/state.py	451	module.StateStore.execute	self._conn.execute	unresolved candidate
core/state.py	453	module.StateStore.execute	self._conn.execute	unresolved candidate
core/state.py	454	module.StateStore.execute	self._conn.commit	unresolved candidate
core/state.py	463	module.StateStore.get_model_adoptions	self._conn.execute	unresolved candidate
core/state.py	477	module.StateStore.get_model_adoption	self._conn.execute	unresolved candidate
core/state.py	485	module.StateStore.mark_model_adoption_rolled_back	self._conn.execute	unresolved candidate
core/state.py	489	module.StateStore.mark_model_adoption_rolled_back	self._conn.commit	unresolved candidate
core/state.py	495	module.StateStore.delete_model_adoption	self._conn.execute	unresolved candidate
core/state.py	496	module.StateStore.delete_model_adoption	self._conn.commit	unresolved candidate
core/strategy_tracker.py	389	module.StrategyTracker.clear	self.state.delete	unresolved candidate
core/summarizer.py	148	module._call_05b	urllib.request.urlopen	unresolved candidate
core/symbolic_graph.py	99	module.SymbolicGraph.__init__	STATE_DB_FILE.parent.mkdir	unresolved candidate
core/symbolic_graph.py	112	module.SymbolicGraph._get_conn	conn.execute	unresolved candidate
core/symbolic_graph.py	118	module.SymbolicGraph._init_schema	conn.executescript	unresolved candidate
core/symbolic_graph.py	155	module.SymbolicGraph._init_schema	conn.commit	unresolved candidate
core/symbolic_graph.py	170	module.SymbolicGraph._load_graph	conn.execute	unresolved candidate
core/symbolic_graph.py	182	module.SymbolicGraph._load_graph	conn.execute	unresolved candidate
core/symbolic_graph.py	188	module.SymbolicGraph._load_graph	conn.execute	unresolved candidate
core/symbolic_graph.py	260	module.SymbolicGraph.execute_batch	self.execute	unresolved candidate
core/symbolic_graph.py	356	module.SymbolicGraph.clear	conn.executescript	unresolved candidate
core/symbolic_graph.py	362	module.SymbolicGraph.clear	conn.commit	unresolved candidate
core/symbolic_graph.py	408	module.SymbolicGraph._op_observe	conn.execute	unresolved candidate
core/symbolic_graph.py	413	module.SymbolicGraph._op_observe	conn.execute	unresolved candidate
core/symbolic_graph.py	420	module.SymbolicGraph._op_observe	conn.execute	unresolved candidate
core/symbolic_graph.py	424	module.SymbolicGraph._op_observe	conn.commit	unresolved candidate
core/symbolic_graph.py	536	module.SymbolicGraph._add_relation	conn.execute	unresolved candidate
core/symbolic_graph.py	540	module.SymbolicGraph._add_relation	conn.commit	unresolved candidate
core/sysmon.py	92	module.SystemMonitor.set_title	sys.stdout.write	unresolved candidate
core/sysmon.py	253	module.SystemMonitor._read_battery	subprocess.run	unresolved candidate
core/task_executor.py	389	module.TaskExecutor._execute_task._run_capability	pm.call_capability	unresolved candidate
core/taskqueue.py	86	module.TaskQueue._queue_path	SESSIONS_DIR.mkdir	unresolved candidate
core/taskqueue.py	102	module.TaskQueue.save	path.write_text	unresolved candidate
core/taskqueue.py	119	module.list_queues	SESSIONS_DIR.mkdir	unresolved candidate
core/tdd.py	29	module.run_tests	subprocess.run	unresolved candidate
core/trajectory.py	60	module._connect	path.parent.mkdir	unresolved candidate
core/trajectory.py	62	module._connect	con.executescript	unresolved candidate
core/trajectory.py	93	module._save_episode	con.execute	unresolved candidate
core/trajectory.py	97	module._save_episode	con.executemany	unresolved candidate
core/trajectory.py	99	module._save_episode	con.commit	unresolved candidate
core/trajectory.py	110	module.label_episode	con.execute	unresolved candidate
core/trajectory.py	112	module.label_episode	con.commit	unresolved candidate
core/trajectory.py	122	module.label_tag	con.execute	unresolved candidate
core/trajectory.py	125	module.label_tag	con.commit	unresolved candidate
core/trajectory.py	157	module._query_episodes	con.execute	unresolved candidate
core/trajectory.py	158	module._query_episodes	con.execute	unresolved candidate
core/trajectory.py	192	module.record_teacher_trace	con.execute	unresolved candidate
core/trajectory.py	195	module.record_teacher_trace	con.commit	unresolved candidate
core/trajectory.py	207	module.label_teacher	con.execute	unresolved candidate
core/trajectory.py	209	module.label_teacher	con.commit	unresolved candidate
core/trajectory.py	219	module.verified_teacher_traces	con.execute	unresolved candidate
core/voice.py	59	module.VoiceManager._save_config	_VOICE_CONFIG_PATH.parent.mkdir	unresolved candidate
core/voice.py	67	module.VoiceManager._save_config	_VOICE_CONFIG_PATH.write_text	unresolved candidate
core/voice.py	150	module.VoiceManager.speak	subprocess.run	unresolved candidate
core/voice.py	153	module.VoiceManager.speak	subprocess.Popen	unresolved candidate
core/voice.py	189	module.VoiceManager.listen	subprocess.run	unresolved candidate
main.py	458	module._write_tui_pid_file	TUI_SESSIONS_DIR.mkdir	unresolved candidate
main.py	459	module._write_tui_pid_file	open	unresolved candidate
main.py	460	module._write_tui_pid_file	f.write	unresolved candidate
main.py	462	module._write_tui_pid_file	os.replace	unresolved candidate
main.py	487	module._remove_tui_pid_file	session_file.unlink	unresolved candidate
main.py	578	module._execute_agent_capability	pm.call_capability	unresolved candidate
main.py	1256	module.handle_command	open	unresolved candidate
main.py	1257	module.handle_command	f.write	unresolved candidate
main.py	1507	module.handle_command	get_action_gateway().gate_exec	unresolved candidate
main.py	1512	module.handle_command	mgr.call	unresolved candidate
main.py	2063	module.main	daemon.run	unresolved candidate
pipeline/embedding/nomic_client.py	36	module.NomicEmbedClient.is_available	urllib.request.urlopen	unresolved candidate
pipeline/embedding/nomic_client.py	74	module.NomicEmbedClient.embed_batch	urllib.request.urlopen	unresolved candidate
pipeline/export/exporter.py	59	module.Exporter.__init__	self.output_dir.mkdir	unresolved candidate
pipeline/export/exporter.py	84	module.Exporter.__enter__	open	unresolved candidate
pipeline/export/exporter.py	85	module.Exporter.__enter__	open	unresolved candidate
pipeline/export/exporter.py	100	module.Exporter.write_record	self._training_fh.write	unresolved candidate
pipeline/export/exporter.py	105	module.Exporter.write_error	self._errors_fh.write	unresolved candidate
pipeline/export/exporter.py	210	module.Exporter._write_stats	open	unresolved candidate
pipeline/run.py	89	module.run_pipeline	output_dir.mkdir	unresolved candidate
pipeline/run.py	91	module.run_pipeline	retrieval_dir.mkdir	unresolved candidate
pipeline/storage/sqlite_store.py	33	module.SQLiteMetadataStore.__init__	self.db_path.parent.mkdir	unresolved candidate
pipeline/storage/sqlite_store.py	45	module.SQLiteMetadataStore._init_db	conn.execute	unresolved candidate
pipeline/storage/sqlite_store.py	56	module.SQLiteMetadataStore._init_db	conn.execute	unresolved candidate
pipeline/storage/sqlite_store.py	57	module.SQLiteMetadataStore._init_db	conn.execute	unresolved candidate
pipeline/storage/sqlite_store.py	60	module.SQLiteMetadataStore._init_db	conn.commit	unresolved candidate
pipeline/storage/sqlite_store.py	66	module.SQLiteMetadataStore.insert	conn.execute	unresolved candidate
pipeline/storage/sqlite_store.py	82	module.SQLiteMetadataStore.insert	conn.commit	unresolved candidate
pipeline/storage/sqlite_store.py	106	module.SQLiteMetadataStore.insert_batch	conn.executemany	unresolved candidate
pipeline/storage/sqlite_store.py	114	module.SQLiteMetadataStore.insert_batch	conn.commit	unresolved candidate
pipeline/storage/sqlite_store.py	119	module.SQLiteMetadataStore.get_by_vector_id	conn.execute	unresolved candidate
pipeline/storage/sqlite_store.py	128	module.SQLiteMetadataStore.get_by_ids	conn.execute	unresolved candidate
pipeline/storage/sqlite_store.py	136	module.SQLiteMetadataStore.count	conn.execute	unresolved candidate
pipeline/storage/vector_store.py	43	module.VectorStore.__init__	self.index_path.parent.mkdir	unresolved candidate
pipeline/storage/vector_store.py	167	module.VectorStore.save	open	unresolved candidate
pipeline/synthetic.py	380	module.write_synthetic_corpora	out.mkdir	unresolved candidate
pipeline/synthetic.py	388	module.write_synthetic_corpora	open	unresolved candidate
pipeline/synthetic.py	390	module.write_synthetic_corpora	f.write	unresolved candidate
pipeline/synthetic.py	392	module.write_synthetic_corpora	open	unresolved candidate
pipeline/synthetic.py	394	module.write_synthetic_corpora	f.write	unresolved candidate
restoricon_core/api/routes.py	452	module._call_budget_gated_completion	urllib.request.urlopen	unresolved candidate
restoricon_core/api/routes.py	593	module._fetch_sales_copilot_panel_data	pm.call_capability	unresolved candidate
restoricon_core/api/routes.py	594	module._fetch_sales_copilot_panel_data	pm.call_capability	unresolved candidate
restoricon_core/api/routes.py	606	module._fetch_sales_copilot_panel_data	pm.call_capability	unresolved candidate
restoricon_core/api/routes.py	608	module._fetch_sales_copilot_panel_data	pm.call_capability	unresolved candidate
restoricon_core/api/routes.py	610	module._fetch_sales_copilot_panel_data	pm.call_capability	unresolved candidate
restoricon_core/api/routes.py	933	module.APIRouter.handle_request	self.estimates.db.get_connection().execute	unresolved candidate
restoricon_core/api/routes.py	2376	module.APIRouter.handle_request.on_headers_finished	os.makedirs	unresolved candidate
restoricon_core/api/routes.py	2380	module.APIRouter.handle_request.on_headers_finished	open	unresolved candidate
restoricon_core/api/routes.py	2385	module.APIRouter.handle_request.on_part_data	file_info['fd'].write	unresolved candidate
restoricon_core/api/routes.py	2422	module.APIRouter.handle_request	parser.write	unresolved candidate
restoricon_core/api/routes.py	2430	module.APIRouter.handle_request	os.remove	unresolved candidate
restoricon_core/api/routes.py	2554	module.APIRouter.handle_request	conn.execute	unresolved candidate
restoricon_core/api/routes.py	2852	module.APIRouter.handle_request	self.crm.notification_service.send_email	unresolved candidate
restoricon_core/api/routes.py	3627	module.APIRouter.handle_request	pm.call_capability	unresolved candidate
restoricon_core/api/routes.py	3628	module.APIRouter.handle_request	pm.call_capability	unresolved candidate
restoricon_core/api/routes.py	3629	module.APIRouter.handle_request	pm.call_capability	unresolved candidate
restoricon_core/api/server.py	123	module.RestoriconRequestHandler._dispatch	self.wfile.write	unresolved candidate
restoricon_core/api/server.py	140	module.RestoriconRequestHandler._dispatch	self.wfile.write	unresolved candidate
restoricon_core/api/web_surfaces.py	9335	module.render_estimate_proposal	item.category.replace	unresolved candidate
restoricon_core/auth.py	1099	module.AuthService.create_user	conn.execute	unresolved candidate
restoricon_core/auth.py	1141	module.AuthService.authenticate_user	conn.execute	unresolved candidate
restoricon_core/auth.py	1183	module.AuthService.create_token	conn.execute	unresolved candidate
restoricon_core/auth.py	1198	module.AuthService.authenticate_token	conn.execute	unresolved candidate
restoricon_core/auth.py	1235	module.AuthService.revoke_token	conn.execute	unresolved candidate
restoricon_core/auth.py	1244	module.AuthService.get_user_by_id	conn.execute	unresolved candidate
restoricon_core/auth.py	1290	module.AuthService.list_users	conn.execute	unresolved candidate
restoricon_core/auth.py	1349	module.AuthService.list_salesperson_roster	conn.execute	unresolved candidate
restoricon_core/auth.py	1452	module.AuthService.update_user	conn.execute	unresolved candidate
restoricon_core/auth.py	1457	module.AuthService.update_user	conn.execute	unresolved candidate
restoricon_core/auth.py	1535	module.AuthService.set_user_active	conn.execute	unresolved candidate
restoricon_core/auth.py	1541	module.AuthService.set_user_active	conn.execute	unresolved candidate
restoricon_core/auth.py	1549	module.AuthService.set_user_active	conn.execute	unresolved candidate
restoricon_core/auth.py	1555	module.AuthService.set_user_active	conn.execute	unresolved candidate
restoricon_core/auth.py	1592	module.AuthService.change_password	conn.execute	unresolved candidate
restoricon_core/auth.py	1597	module.AuthService.change_password	conn.execute	unresolved candidate
restoricon_core/auth.py	1660	module.AuthService.delete_user	conn.execute	unresolved candidate
restoricon_core/auth.py	1672	module.AuthService.delete_user	conn.execute	unresolved candidate
restoricon_core/auth.py	1676	module.AuthService.delete_user	conn.execute	unresolved candidate
restoricon_core/auth.py	1680	module.AuthService.delete_user	conn.execute	unresolved candidate
restoricon_core/auth.py	1681	module.AuthService.delete_user	conn.execute	unresolved candidate
restoricon_core/auth.py	1705	module.AuthService.set_user_permissions	conn.execute	unresolved candidate
restoricon_core/auth.py	1722	module.AuthService.get_effective_permissions	perms.remove	unresolved candidate
restoricon_core/backfill_wo_351695937.py	208	module.find_mike_regina_user_id	conn.execute	unresolved candidate
restoricon_core/backfill_wo_351695937.py	212	module.find_mike_regina_user_id	conn.execute	unresolved candidate
restoricon_core/backfill_wo_351695937.py	229	module._find_existing_backfill_work_order	conn.execute	unresolved candidate
restoricon_core/backfill_wo_351695937.py	306	module.run_backfill	conn.execute	unresolved candidate
restoricon_core/database.py	2442	module.DatabaseManager._ensure_db_dir	Path(self.db_path).parent.mkdir	unresolved candidate
restoricon_core/database.py	2456	module.DatabaseManager.get_connection	conn.execute	unresolved candidate
restoricon_core/database.py	2458	module.DatabaseManager.get_connection	conn.execute	unresolved candidate
restoricon_core/database.py	2459	module.DatabaseManager.get_connection	conn.execute	unresolved candidate
restoricon_core/database.py	2473	module.DatabaseManager.init_schema	conn.executescript	unresolved candidate
restoricon_core/database.py	2495	module.DatabaseManager._backfill_customer_numbers	conn.execute	unresolved candidate
restoricon_core/database.py	2499	module.DatabaseManager._backfill_customer_numbers	conn.execute	unresolved candidate
restoricon_core/database.py	2505	module.DatabaseManager._backfill_customer_numbers	conn.execute	unresolved candidate
restoricon_core/database.py	2508	module.DatabaseManager._backfill_customer_numbers	conn.execute	unresolved candidate
restoricon_core/database.py	2661	module.DatabaseManager._migrate_schema	conn.execute	unresolved candidate
restoricon_core/database.py	2664	module.DatabaseManager._migrate_schema	conn.execute	unresolved candidate
restoricon_core/database.py	2683	module.DatabaseManager._migrate_schema	conn.execute	unresolved candidate
restoricon_core/database.py	2686	module.DatabaseManager._migrate_schema	conn.execute	unresolved candidate
restoricon_core/database.py	2689	module.DatabaseManager._migrate_schema	conn.execute	unresolved candidate
restoricon_core/database.py	2709	module.DatabaseManager._migrate_schema	conn.execute	unresolved candidate
restoricon_core/database.py	2712	module.DatabaseManager._migrate_schema	conn.execute	unresolved candidate
restoricon_core/database.py	2735	module.DatabaseManager._migrate_schema	conn.execute	unresolved candidate
restoricon_core/database.py	2742	module.DatabaseManager._migrate_schema	conn.execute	unresolved candidate
restoricon_core/database.py	2743	module.DatabaseManager._migrate_schema	conn.execute	unresolved candidate
restoricon_core/database.py	2746	module.DatabaseManager._migrate_schema	conn.execute	unresolved candidate
restoricon_core/database.py	2747	module.DatabaseManager._migrate_schema	conn.execute	unresolved candidate
restoricon_core/database.py	2750	module.DatabaseManager._migrate_schema	conn.execute	unresolved candidate
restoricon_core/database.py	2751	module.DatabaseManager._migrate_schema	conn.execute	unresolved candidate
restoricon_core/database.py	2754	module.DatabaseManager._migrate_schema	conn.execute	unresolved candidate
restoricon_core/database.py	2755	module.DatabaseManager._migrate_schema	conn.execute	unresolved candidate
restoricon_core/database.py	2762	module.DatabaseManager._migrate_schema	conn.execute	unresolved candidate
restoricon_core/database.py	2763	module.DatabaseManager._migrate_schema	conn.execute	unresolved candidate
restoricon_core/database.py	2766	module.DatabaseManager._migrate_schema	conn.execute	unresolved candidate
restoricon_core/database.py	2767	module.DatabaseManager._migrate_schema	conn.execute	unresolved candidate
restoricon_core/database.py	2770	module.DatabaseManager._migrate_schema	conn.execute	unresolved candidate
restoricon_core/database.py	2771	module.DatabaseManager._migrate_schema	conn.execute	unresolved candidate
restoricon_core/database.py	2782	module.DatabaseManager._migrate_schema	conn.execute	unresolved candidate
restoricon_core/database.py	2783	module.DatabaseManager._migrate_schema	conn.execute	unresolved candidate
restoricon_core/database.py	2877	module.DatabaseManager._migrate_estimates_table_v2	conn.execute	unresolved candidate
restoricon_core/database.py	2882	module.DatabaseManager._migrate_estimates_table_v2	conn.execute	unresolved candidate
restoricon_core/database.py	2923	module.DatabaseManager._migrate_estimates_table_v2	conn.execute	unresolved candidate
restoricon_core/database.py	2928	module.DatabaseManager._migrate_estimates_table_v2	_ESTIMATES_TABLE_V2_SQL.replace	unresolved candidate
restoricon_core/database.py	2967	module.DatabaseManager._migrate_estimates_table_v2	conn.execute	unresolved candidate
restoricon_core/database.py	2971	module.DatabaseManager._migrate_estimates_table_v2	temp_v2_sql.replace	unresolved candidate
restoricon_core/database.py	2986	module.DatabaseManager._migrate_estimates_table_v2	conn.execute	unresolved candidate
restoricon_core/database.py	2993	module.DatabaseManager._migrate_estimates_table_v2	conn.execute	unresolved candidate
restoricon_core/database.py	2994	module.DatabaseManager._migrate_estimates_table_v2	conn.execute	unresolved candidate
restoricon_core/database.py	2995	module.DatabaseManager._migrate_estimates_table_v2	conn.execute	unresolved candidate
restoricon_core/database.py	2996	module.DatabaseManager._migrate_estimates_table_v2	conn.execute	unresolved candidate
restoricon_core/database.py	3000	module.DatabaseManager._migrate_estimates_table_v2	conn.execute	unresolved candidate
restoricon_core/database.py	3001	module.DatabaseManager._migrate_estimates_table_v2	conn.execute	unresolved candidate
restoricon_core/database.py	3002	module.DatabaseManager._migrate_estimates_table_v2	conn.execute	unresolved candidate
restoricon_core/database.py	3003	module.DatabaseManager._migrate_estimates_table_v2	conn.execute	unresolved candidate
restoricon_core/database.py	3004	module.DatabaseManager._migrate_estimates_table_v2	conn.execute	unresolved candidate
restoricon_core/database.py	3005	module.DatabaseManager._migrate_estimates_table_v2	conn.execute	unresolved candidate
restoricon_core/database.py	3006	module.DatabaseManager._migrate_estimates_table_v2	conn.execute	unresolved candidate
restoricon_core/database.py	3007	module.DatabaseManager._migrate_estimates_table_v2	conn.execute	unresolved candidate
restoricon_core/database.py	3008	module.DatabaseManager._migrate_estimates_table_v2	conn.execute	unresolved candidate
restoricon_core/database.py	3010	module.DatabaseManager._migrate_estimates_table_v2	conn.execute	unresolved candidate
restoricon_core/database.py	3011	module.DatabaseManager._migrate_estimates_table_v2	conn.execute	unresolved candidate
restoricon_core/database.py	3016	module.DatabaseManager._migrate_estimates_table_v2	conn.execute	unresolved candidate
restoricon_core/database.py	3018	module.DatabaseManager._migrate_estimates_table_v2	conn.execute	unresolved candidate
restoricon_core/database.py	3062	module.DatabaseManager._migrate_estimates_property_id_fk	conn.execute	unresolved candidate
restoricon_core/database.py	3067	module.DatabaseManager._migrate_estimates_property_id_fk	conn.execute	unresolved candidate
restoricon_core/database.py	3083	module.DatabaseManager._migrate_estimates_property_id_fk	conn.execute	unresolved candidate
restoricon_core/database.py	3095	module.DatabaseManager._migrate_estimates_property_id_fk	conn.execute	unresolved candidate
restoricon_core/database.py	3123	module.DatabaseManager._migrate_estimates_property_id_fk	conn.execute	unresolved candidate
restoricon_core/database.py	3128	module.DatabaseManager._migrate_estimates_property_id_fk	conn.execute	unresolved candidate
restoricon_core/database.py	3132	module.DatabaseManager._migrate_estimates_property_id_fk	_ESTIMATES_TABLE_V2_SQL.replace	unresolved candidate
restoricon_core/database.py	3143	module.DatabaseManager._migrate_estimates_property_id_fk	conn.execute	unresolved candidate
restoricon_core/database.py	3146	module.DatabaseManager._migrate_estimates_property_id_fk	conn.execute	unresolved candidate
restoricon_core/database.py	3147	module.DatabaseManager._migrate_estimates_property_id_fk	conn.execute	unresolved candidate
restoricon_core/database.py	3148	module.DatabaseManager._migrate_estimates_property_id_fk	conn.execute	unresolved candidate
restoricon_core/database.py	3149	module.DatabaseManager._migrate_estimates_property_id_fk	conn.execute	unresolved candidate
restoricon_core/database.py	3153	module.DatabaseManager._migrate_estimates_property_id_fk	conn.execute	unresolved candidate
restoricon_core/database.py	3154	module.DatabaseManager._migrate_estimates_property_id_fk	conn.execute	unresolved candidate
restoricon_core/database.py	3155	module.DatabaseManager._migrate_estimates_property_id_fk	conn.execute	unresolved candidate
restoricon_core/database.py	3156	module.DatabaseManager._migrate_estimates_property_id_fk	conn.execute	unresolved candidate
restoricon_core/database.py	3157	module.DatabaseManager._migrate_estimates_property_id_fk	conn.execute	unresolved candidate
restoricon_core/database.py	3158	module.DatabaseManager._migrate_estimates_property_id_fk	conn.execute	unresolved candidate
restoricon_core/database.py	3159	module.DatabaseManager._migrate_estimates_property_id_fk	conn.execute	unresolved candidate
restoricon_core/database.py	3160	module.DatabaseManager._migrate_estimates_property_id_fk	conn.execute	unresolved candidate
restoricon_core/database.py	3161	module.DatabaseManager._migrate_estimates_property_id_fk	conn.execute	unresolved candidate
restoricon_core/database.py	3163	module.DatabaseManager._migrate_estimates_property_id_fk	conn.execute	unresolved candidate
restoricon_core/database.py	3164	module.DatabaseManager._migrate_estimates_property_id_fk	conn.execute	unresolved candidate
restoricon_core/database.py	3185	module.DatabaseManager._migrate_estimates_property_id_fk	conn.execute	unresolved candidate
restoricon_core/database.py	3191	module.DatabaseManager._migrate_estimates_property_id_fk	conn.execute	unresolved candidate
restoricon_core/database.py	3197	module.DatabaseManager._migrate_estimates_property_id_fk	conn.execute	unresolved candidate
restoricon_core/database.py	3256	module.DatabaseManager._migrate_estimate_line_items_pricing_fks	conn.execute	unresolved candidate
restoricon_core/database.py	3262	module.DatabaseManager._migrate_estimate_line_items_pricing_fks	conn.execute	unresolved candidate
restoricon_core/database.py	3268	module.DatabaseManager._migrate_estimate_line_items_pricing_fks	conn.execute	unresolved candidate
restoricon_core/database.py	3272	module.DatabaseManager._migrate_estimate_line_items_pricing_fks	conn.execute	unresolved candidate
restoricon_core/database.py	3276	module.DatabaseManager._migrate_estimate_line_items_pricing_fks	conn.execute	unresolved candidate
restoricon_core/database.py	3280	module.DatabaseManager._migrate_estimate_line_items_pricing_fks	conn.execute	unresolved candidate
restoricon_core/database.py	3294	module.DatabaseManager._migrate_estimate_line_items_pricing_fks	conn.execute	unresolved candidate
restoricon_core/database.py	3317	module.DatabaseManager._migrate_estimate_line_items_pricing_fks	conn.execute	unresolved candidate
restoricon_core/database.py	3322	module.DatabaseManager._migrate_estimate_line_items_pricing_fks	conn.execute	unresolved candidate
restoricon_core/database.py	3326	module.DatabaseManager._migrate_estimate_line_items_pricing_fks	_ESTIMATE_LINE_ITEMS_V2_SQL.replace	unresolved candidate
restoricon_core/database.py	3337	module.DatabaseManager._migrate_estimate_line_items_pricing_fks	conn.execute	unresolved candidate
restoricon_core/database.py	3340	module.DatabaseManager._migrate_estimate_line_items_pricing_fks	conn.execute	unresolved candidate
restoricon_core/database.py	3341	module.DatabaseManager._migrate_estimate_line_items_pricing_fks	conn.execute	unresolved candidate
restoricon_core/database.py	3342	module.DatabaseManager._migrate_estimate_line_items_pricing_fks	conn.execute	unresolved candidate
restoricon_core/database.py	3343	module.DatabaseManager._migrate_estimate_line_items_pricing_fks	conn.execute	unresolved candidate
restoricon_core/database.py	3347	module.DatabaseManager._migrate_estimate_line_items_pricing_fks	conn.execute	unresolved candidate
restoricon_core/database.py	3348	module.DatabaseManager._migrate_estimate_line_items_pricing_fks	conn.execute	unresolved candidate
restoricon_core/database.py	3349	module.DatabaseManager._migrate_estimate_line_items_pricing_fks	conn.execute	unresolved candidate
restoricon_core/database.py	3357	module.DatabaseManager._migrate_estimate_line_items_pricing_fks	conn.execute	unresolved candidate
restoricon_core/database.py	3363	module.DatabaseManager._migrate_estimate_line_items_pricing_fks	conn.execute	unresolved candidate
restoricon_core/database.py	3369	module.DatabaseManager._migrate_estimate_line_items_pricing_fks	conn.execute	unresolved candidate
restoricon_core/database.py	3376	module.DatabaseManager._migrate_estimate_line_items_pricing_fks	conn.execute	unresolved candidate
restoricon_core/database.py	3377	module.DatabaseManager._migrate_estimate_line_items_pricing_fks	conn.execute	unresolved candidate
restoricon_core/database.py	3390	module.DatabaseManager._migrate_estimate_line_items_pricing_fks	conn.execute	unresolved candidate
restoricon_core/database.py	3396	module.DatabaseManager._migrate_estimate_line_items_pricing_fks	conn.execute	unresolved candidate
restoricon_core/database.py	3398	module.DatabaseManager._migrate_estimate_line_items_pricing_fks	conn.execute	unresolved candidate
restoricon_core/database.py	3536	module.DatabaseManager._migrate_users_role_constraint	conn.execute	unresolved candidate
restoricon_core/database.py	3542	module.DatabaseManager._migrate_users_role_constraint	conn.execute	unresolved candidate
restoricon_core/database.py	3561	module.DatabaseManager._migrate_users_role_constraint	conn.execute	unresolved candidate
restoricon_core/database.py	3566	module.DatabaseManager._migrate_users_role_constraint	_USERS_TABLE_WIDENED_ROLE_SQL.replace	unresolved candidate
restoricon_core/database.py	3583	module.DatabaseManager._migrate_users_role_constraint	conn.execute	unresolved candidate
restoricon_core/database.py	3600	module.DatabaseManager._migrate_users_role_constraint	conn.execute	unresolved candidate
restoricon_core/database.py	3601	module.DatabaseManager._migrate_users_role_constraint	conn.execute	unresolved candidate
restoricon_core/database.py	3602	module.DatabaseManager._migrate_users_role_constraint	conn.execute	unresolved candidate
restoricon_core/database.py	3603	module.DatabaseManager._migrate_users_role_constraint	conn.execute	unresolved candidate
restoricon_core/database.py	3607	module.DatabaseManager._migrate_users_role_constraint	conn.execute	unresolved candidate
restoricon_core/database.py	3608	module.DatabaseManager._migrate_users_role_constraint	conn.execute	unresolved candidate
restoricon_core/database.py	3609	module.DatabaseManager._migrate_users_role_constraint	conn.execute	unresolved candidate
restoricon_core/database.py	3610	module.DatabaseManager._migrate_users_role_constraint	conn.execute	unresolved candidate
restoricon_core/database.py	3612	module.DatabaseManager._migrate_users_role_constraint	conn.execute	unresolved candidate
restoricon_core/database.py	3613	module.DatabaseManager._migrate_users_role_constraint	conn.execute	unresolved candidate
restoricon_core/database.py	3618	module.DatabaseManager._migrate_users_role_constraint	conn.execute	unresolved candidate
restoricon_core/database.py	3620	module.DatabaseManager._migrate_users_role_constraint	conn.execute	unresolved candidate
restoricon_core/database.py	3670	module.DatabaseManager._migrate_work_orders_status_constraint	conn.execute	unresolved candidate
restoricon_core/database.py	3676	module.DatabaseManager._migrate_work_orders_status_constraint	conn.execute	unresolved candidate
restoricon_core/database.py	3695	module.DatabaseManager._migrate_work_orders_status_constraint	conn.execute	unresolved candidate
restoricon_core/database.py	3700	module.DatabaseManager._migrate_work_orders_status_constraint	_WORK_ORDERS_TABLE_WIDENED_STATUS_SQL.replace	unresolved candidate
restoricon_core/database.py	3716	module.DatabaseManager._migrate_work_orders_status_constraint	conn.execute	unresolved candidate
restoricon_core/database.py	3719	module.DatabaseManager._migrate_work_orders_status_constraint	conn.execute	unresolved candidate
restoricon_core/database.py	3720	module.DatabaseManager._migrate_work_orders_status_constraint	conn.execute	unresolved candidate
restoricon_core/database.py	3721	module.DatabaseManager._migrate_work_orders_status_constraint	conn.execute	unresolved candidate
restoricon_core/database.py	3722	module.DatabaseManager._migrate_work_orders_status_constraint	conn.execute	unresolved candidate
restoricon_core/database.py	3726	module.DatabaseManager._migrate_work_orders_status_constraint	conn.execute	unresolved candidate
restoricon_core/database.py	3727	module.DatabaseManager._migrate_work_orders_status_constraint	conn.execute	unresolved candidate
restoricon_core/database.py	3728	module.DatabaseManager._migrate_work_orders_status_constraint	conn.execute	unresolved candidate
restoricon_core/database.py	3729	module.DatabaseManager._migrate_work_orders_status_constraint	conn.execute	unresolved candidate
restoricon_core/database.py	3730	module.DatabaseManager._migrate_work_orders_status_constraint	conn.execute	unresolved candidate
restoricon_core/database.py	3731	module.DatabaseManager._migrate_work_orders_status_constraint	conn.execute	unresolved candidate
restoricon_core/database.py	3733	module.DatabaseManager._migrate_work_orders_status_constraint	conn.execute	unresolved candidate
restoricon_core/database.py	3734	module.DatabaseManager._migrate_work_orders_status_constraint	conn.execute	unresolved candidate
restoricon_core/database.py	3739	module.DatabaseManager._migrate_work_orders_status_constraint	conn.execute	unresolved candidate
restoricon_core/database.py	3741	module.DatabaseManager._migrate_work_orders_status_constraint	conn.execute	unresolved candidate
restoricon_core/database.py	3751	module.DatabaseManager.transaction	conn.execute	unresolved candidate
restoricon_core/database.py	3753	module.DatabaseManager.transaction	conn.commit	unresolved candidate
restoricon_core/models.py	112	module.PipelineStage.normalize	stage.strip().lower().replace(' ', '_').replace	unresolved candidate
restoricon_core/models.py	112	module.PipelineStage.normalize	stage.strip().lower().replace	unresolved candidate
restoricon_core/models.py	273	module.ProjectStage.normalize	stage.strip().lower().replace(' ', '_').replace	unresolved candidate
restoricon_core/models.py	273	module.ProjectStage.normalize	stage.strip().lower().replace	unresolved candidate
restoricon_core/services/analytics_search_service.py	101	module.AnalyticsSearchService.global_search	conn.execute	unresolved candidate
restoricon_core/services/analytics_search_service.py	114	module.AnalyticsSearchService.global_search	conn.execute	unresolved candidate
restoricon_core/services/analytics_search_service.py	127	module.AnalyticsSearchService.global_search	conn.execute	unresolved candidate
restoricon_core/services/analytics_search_service.py	140	module.AnalyticsSearchService.global_search	conn.execute	unresolved candidate
restoricon_core/services/analytics_search_service.py	160	module.AnalyticsSearchService.global_search	conn.execute	unresolved candidate
restoricon_core/services/analytics_search_service.py	191	module.AnalyticsSearchService.global_search	conn.execute	unresolved candidate
restoricon_core/services/analytics_search_service.py	207	module.AnalyticsSearchService.global_search	conn.execute	unresolved candidate
restoricon_core/services/analytics_search_service.py	212	module.AnalyticsSearchService.global_search	conn.execute	unresolved candidate
restoricon_core/services/analytics_search_service.py	225	module.AnalyticsSearchService.global_search	conn.execute	unresolved candidate
restoricon_core/services/analytics_search_service.py	238	module.AnalyticsSearchService.global_search	conn.execute	unresolved candidate
restoricon_core/services/analytics_search_service.py	251	module.AnalyticsSearchService.global_search	conn.execute	unresolved candidate
restoricon_core/services/analytics_search_service.py	264	module.AnalyticsSearchService.global_search	conn.execute	unresolved candidate
restoricon_core/services/analytics_search_service.py	277	module.AnalyticsSearchService.global_search	conn.execute	unresolved candidate
restoricon_core/services/analytics_search_service.py	290	module.AnalyticsSearchService.global_search	conn.execute	unresolved candidate
restoricon_core/services/analytics_search_service.py	303	module.AnalyticsSearchService.global_search	conn.execute	unresolved candidate
restoricon_core/services/analytics_search_service.py	316	module.AnalyticsSearchService.global_search	conn.execute	unresolved candidate
restoricon_core/services/analytics_search_service.py	353	module.AnalyticsSearchService.get_executive_dashboard	conn.execute	unresolved candidate
restoricon_core/services/analytics_search_service.py	362	module.AnalyticsSearchService.get_executive_dashboard	conn.execute	unresolved candidate
restoricon_core/services/analytics_search_service.py	379	module.AnalyticsSearchService.get_executive_dashboard	conn.execute	unresolved candidate
restoricon_core/services/analytics_search_service.py	389	module.AnalyticsSearchService.get_executive_dashboard	conn.execute	unresolved candidate
restoricon_core/services/analytics_search_service.py	398	module.AnalyticsSearchService.get_executive_dashboard	conn.execute	unresolved candidate
restoricon_core/services/analytics_search_service.py	408	module.AnalyticsSearchService.get_executive_dashboard	conn.execute	unresolved candidate
restoricon_core/services/analytics_search_service.py	440	module.AnalyticsSearchService.get_executive_dashboard	conn.execute	unresolved candidate
restoricon_core/services/analytics_search_service.py	449	module.AnalyticsSearchService.get_executive_dashboard	conn.execute	unresolved candidate
restoricon_core/services/analytics_search_service.py	455	module.AnalyticsSearchService.get_executive_dashboard	conn.execute	unresolved candidate
restoricon_core/services/assessment_service.py	72	module.AssessmentService.create_assessment_record	conn.execute	unresolved candidate
restoricon_core/services/assessment_service.py	109	module.AssessmentService.get_assessment_record	conn.execute	unresolved candidate
restoricon_core/services/assessment_service.py	136	module.AssessmentService.list_assessment_records	conn.execute	unresolved candidate
restoricon_core/services/audit_service.py	310	module.AuditService.log	conn.execute	unresolved candidate
restoricon_core/services/audit_service.py	381	module.AuditService.query_logs	conn.execute	unresolved candidate
restoricon_core/services/automation_service.py	116	module.AutomationService.create_rule	conn.execute	unresolved candidate
restoricon_core/services/automation_service.py	169	module.AutomationService.list_rules	conn.execute	unresolved candidate
restoricon_core/services/automation_service.py	181	module.AutomationService.get_automation_rule_by_external_id	conn.execute	unresolved candidate
restoricon_core/services/automation_service.py	200	module.AutomationService.delete_rule	conn.execute	unresolved candidate
restoricon_core/services/automation_service.py	204	module.AutomationService.delete_rule	conn.execute	unresolved candidate
restoricon_core/services/automation_service.py	234	module.AutomationService.record_rule_match	conn.execute	unresolved candidate
restoricon_core/services/automation_service.py	241	module.AutomationService.record_rule_match	conn.execute	unresolved candidate
restoricon_core/services/automation_service.py	271	module.AutomationService.get_business_profile	conn.execute	unresolved candidate
restoricon_core/services/automation_service.py	293	module.AutomationService.upsert_business_profile	conn.execute	unresolved candidate
restoricon_core/services/automation_service.py	382	module.AutomationService.add_to_do_not_contact	conn.execute	unresolved candidate
restoricon_core/services/automation_service.py	404	module.AutomationService.add_to_do_not_contact	conn.execute	unresolved candidate
restoricon_core/services/automation_service.py	433	module.AutomationService.remove_from_do_not_contact	conn.execute	unresolved candidate
restoricon_core/services/automation_service.py	459	module.AutomationService.is_blocked	conn.execute	unresolved candidate
restoricon_core/services/automation_service.py	470	module.AutomationService.list_do_not_contact	conn.execute	unresolved candidate
restoricon_core/services/business_ops_service.py	94	module.BusinessOpsService.create_campaign	conn.execute	unresolved candidate
restoricon_core/services/business_ops_service.py	135	module.BusinessOpsService.list_campaigns	conn.execute	unresolved candidate
restoricon_core/services/business_ops_service.py	150	module.BusinessOpsService.create_review_request	conn.execute	unresolved candidate
restoricon_core/services/business_ops_service.py	198	module.BusinessOpsService.submit_review	conn.execute	unresolved candidate
restoricon_core/services/business_ops_service.py	227	module.BusinessOpsService.submit_review	conn.execute	unresolved candidate
restoricon_core/services/business_ops_service.py	270	module.BusinessOpsService.list_reviews	conn.execute	unresolved candidate
restoricon_core/services/business_ops_service.py	324	module.BusinessOpsService.create_compliance_item	item.expiration_date.replace	unresolved candidate
restoricon_core/services/business_ops_service.py	337	module.BusinessOpsService.create_compliance_item	conn.execute	unresolved candidate
restoricon_core/services/business_ops_service.py	396	module.BusinessOpsService.list_compliance_items	conn.execute	unresolved candidate
restoricon_core/services/business_ops_service.py	405	module.BusinessOpsService.scan_compliance_expirations	conn.execute	unresolved candidate
restoricon_core/services/business_ops_service.py	418	module.BusinessOpsService.scan_compliance_expirations	exp_str.replace	unresolved candidate
restoricon_core/services/business_ops_service.py	433	module.BusinessOpsService.scan_compliance_expirations	conn.execute	unresolved candidate
restoricon_core/services/business_ops_service.py	501	module.BusinessOpsService.create_employee	conn.execute	unresolved candidate
restoricon_core/services/business_ops_service.py	560	module.BusinessOpsService.list_employees	conn.execute	unresolved candidate
restoricon_core/services/business_ops_service.py	573	module.BusinessOpsService.submit_timesheet	conn.execute	unresolved candidate
restoricon_core/services/business_ops_service.py	587	module.BusinessOpsService.submit_timesheet	conn.execute	unresolved candidate
restoricon_core/services/business_ops_service.py	628	module.BusinessOpsService.approve_timesheet	conn.execute	unresolved candidate
restoricon_core/services/business_ops_service.py	635	module.BusinessOpsService.approve_timesheet	conn.execute	unresolved candidate
restoricon_core/services/business_ops_service.py	687	module.BusinessOpsService.list_timesheets	conn.execute	unresolved candidate
restoricon_core/services/business_ops_service.py	742	module.BusinessOpsService.create_vendor	conn.execute	unresolved candidate
restoricon_core/services/business_ops_service.py	782	module.BusinessOpsService.list_vendors	conn.execute	unresolved candidate
restoricon_core/services/business_ops_service.py	784	module.BusinessOpsService.list_vendors	conn.execute	unresolved candidate
restoricon_core/services/business_ops_service.py	835	module.BusinessOpsService.create_purchase_order	conn.execute	unresolved candidate
restoricon_core/services/business_ops_service.py	878	module.BusinessOpsService.receive_purchase_order	conn.execute	unresolved candidate
restoricon_core/services/business_ops_service.py	886	module.BusinessOpsService.receive_purchase_order	conn.execute	unresolved candidate
restoricon_core/services/business_ops_service.py	942	module.BusinessOpsService.list_purchase_orders	conn.execute	unresolved candidate
restoricon_core/services/commission_service.py	126	module.CommissionService.record_commission	conn.execute	unresolved candidate
restoricon_core/services/commission_service.py	179	module.CommissionService.get_commission_plan_config	conn.execute	unresolved candidate
restoricon_core/services/commission_service.py	208	module.CommissionService.get_commission	conn.execute	unresolved candidate
restoricon_core/services/commission_service.py	285	module.CommissionService.list_commissions	conn.execute	unresolved candidate
restoricon_core/services/commission_service.py	356	module.CommissionService.get_team_commission_summary	conn.execute	unresolved candidate
restoricon_core/services/commission_service.py	401	module.CommissionService.reverse_commission	conn.execute	unresolved candidate
restoricon_core/services/commission_service.py	409	module.CommissionService.reverse_commission	conn.execute	unresolved candidate
restoricon_core/services/commission_service.py	437	module.CommissionService.reverse_commission	conn.execute	unresolved candidate
restoricon_core/services/communication_service.py	119	module.CommunicationService.record_communication	conn.execute	unresolved candidate
restoricon_core/services/communication_service.py	153	module.CommunicationService.record_communication	conn.execute	unresolved candidate
restoricon_core/services/communication_service.py	333	module.CommunicationService.query_communications	conn.execute	unresolved candidate
restoricon_core/services/crm_service.py	144	module._add_months	dt.replace	unresolved candidate
restoricon_core/services/crm_service.py	157	module._parse_aware_iso	dt.replace	unresolved candidate
restoricon_core/services/crm_service.py	258	module.CRMService.create_customer	conn.execute	unresolved candidate
restoricon_core/services/crm_service.py	298	module.CRMService.create_customer	conn.execute	unresolved candidate
restoricon_core/services/crm_service.py	317	module.CRMService.get_customer	conn.execute	unresolved candidate
restoricon_core/services/crm_service.py	351	module.CRMService._get_customer_display_name	conn.execute	unresolved candidate
restoricon_core/services/crm_service.py	369	module.CRMService._get_project_display_name	conn.execute	unresolved candidate
restoricon_core/services/crm_service.py	394	module.CRMService._get_customer_unscoped	conn.execute	unresolved candidate
restoricon_core/services/crm_service.py	409	module.CRMService.get_customer_by_external_id	conn.execute	unresolved candidate
restoricon_core/services/crm_service.py	430	module.CRMService.get_customer_by_email	conn.execute	unresolved candidate
restoricon_core/services/crm_service.py	487	module.CRMService.list_customers	conn.execute	unresolved candidate
restoricon_core/services/crm_service.py	599	module.CRMService.update_customer	conn.execute	unresolved candidate
restoricon_core/services/crm_service.py	635	module.CRMService.update_customer	conn.execute	unresolved candidate
restoricon_core/services/crm_service.py	655	module.CRMService.update_customer	conn.execute	unresolved candidate
restoricon_core/services/crm_service.py	736	module.CRMService.find_customer	conn.execute	unresolved candidate
restoricon_core/services/crm_service.py	790	module.CRMService.create_property	conn.execute	unresolved candidate
restoricon_core/services/crm_service.py	853	module.CRMService.get_property	conn.execute	unresolved candidate
restoricon_core/services/crm_service.py	872	module.CRMService.list_properties	conn.execute	unresolved candidate
restoricon_core/services/crm_service.py	914	module.CRMService.update_property	conn.execute	unresolved candidate
restoricon_core/services/crm_service.py	940	module.CRMService.update_property	conn.execute	unresolved candidate
restoricon_core/services/crm_service.py	947	module.CRMService.update_property	conn.execute	unresolved candidate
restoricon_core/services/crm_service.py	1015	module.CRMService.create_lead	conn.execute	unresolved candidate
restoricon_core/services/crm_service.py	1064	module.CRMService.get_lead	conn.execute	unresolved candidate
restoricon_core/services/crm_service.py	1135	module.CRMService.list_leads	conn.execute	unresolved candidate
restoricon_core/services/crm_service.py	1146	module.CRMService.get_lead_by_external_id	conn.execute	unresolved candidate
restoricon_core/services/crm_service.py	1179	module.CRMService.update_lead	conn.execute	unresolved candidate
restoricon_core/services/crm_service.py	1245	module.CRMService.claim_lead	conn.execute	unresolved candidate
restoricon_core/services/crm_service.py	1253	module.CRMService.claim_lead	conn.execute	unresolved candidate
restoricon_core/services/crm_service.py	1267	module.CRMService.claim_lead	conn.execute	unresolved candidate
restoricon_core/services/crm_service.py	1512	module.CRMService.create_opportunity	conn.execute	unresolved candidate
restoricon_core/services/crm_service.py	1683	module.CRMService.get_opportunity	conn.execute	unresolved candidate
restoricon_core/services/crm_service.py	1735	module.CRMService.list_opportunities	conn.execute	unresolved candidate
restoricon_core/services/crm_service.py	1775	module.CRMService.update_opportunity	conn.execute	unresolved candidate
restoricon_core/services/crm_service.py	1824	module.CRMService.claim_opportunity	conn.execute	unresolved candidate
restoricon_core/services/crm_service.py	1832	module.CRMService.claim_opportunity	conn.execute	unresolved candidate
restoricon_core/services/crm_service.py	1839	module.CRMService.claim_opportunity	conn.execute	unresolved candidate
restoricon_core/services/crm_service.py	1911	module.CRMService.transition_opportunity_stage	conn.execute	unresolved candidate
restoricon_core/services/crm_service.py	2093	module.CRMService.get_stage_duration_analytics	conn.execute	unresolved candidate
restoricon_core/services/crm_service.py	2097	module.CRMService.get_stage_duration_analytics._parse_iso	ts.replace	unresolved candidate
restoricon_core/services/crm_service.py	2283	module.CRMService.create_task	conn.execute	unresolved candidate
restoricon_core/services/crm_service.py	2333	module.CRMService.get_task	conn.execute	unresolved candidate
restoricon_core/services/crm_service.py	2396	module.CRMService.list_tasks	conn.execute	unresolved candidate
restoricon_core/services/crm_service.py	2427	module.CRMService.update_task	conn.execute	unresolved candidate
restoricon_core/services/crm_service.py	2476	module.CRMService.claim_task	conn.execute	unresolved candidate
restoricon_core/services/crm_service.py	2484	module.CRMService.claim_task	conn.execute	unresolved candidate
restoricon_core/services/crm_service.py	2491	module.CRMService.claim_task	conn.execute	unresolved candidate
restoricon_core/services/crm_service.py	2534	module.CRMService.complete_task	conn.execute	unresolved candidate
restoricon_core/services/crm_service.py	2640	module.CRMService.generate_cadence_tasks	conn.execute	unresolved candidate
restoricon_core/services/crm_service.py	2724	module.CRMService.create_project	conn.execute	unresolved candidate
restoricon_core/services/crm_service.py	2728	module.CRMService.create_project	conn.execute	unresolved candidate
restoricon_core/services/crm_service.py	2740	module.CRMService.create_project	conn.execute	unresolved candidate
restoricon_core/services/crm_service.py	2754	module.CRMService.create_project	conn.execute	unresolved candidate
restoricon_core/services/crm_service.py	2849	module.CRMService._actor_lacks_sold_project_ownership	conn.execute	unresolved candidate
restoricon_core/services/crm_service.py	2865	module.CRMService.get_project	conn.execute	unresolved candidate
restoricon_core/services/crm_service.py	2946	module.CRMService.list_projects	conn.execute	unresolved candidate
restoricon_core/services/crm_service.py	3033	module.CRMService.update_project	conn.execute	unresolved candidate
restoricon_core/services/crm_service.py	3086	module.CRMService.update_project	conn.execute	unresolved candidate
restoricon_core/services/crm_service.py	3122	module.CRMService.update_project	conn.execute	unresolved candidate
restoricon_core/services/crm_service.py	3133	module.CRMService.update_project	conn.execute	unresolved candidate
restoricon_core/services/crm_service.py	3146	module.CRMService.update_project	conn.execute	unresolved candidate
restoricon_core/services/crm_service.py	3172	module.CRMService.update_project	conn.execute	unresolved candidate
restoricon_core/services/crm_service.py	3188	module.CRMService.update_project	self.notification_service.send_email	unresolved candidate
restoricon_core/services/crm_service.py	3316	module.CRMService.create_estimate	conn.execute	unresolved candidate
restoricon_core/services/crm_service.py	3394	module.CRMService.get_estimate	conn.execute	unresolved candidate
restoricon_core/services/crm_service.py	3452	module.CRMService.list_estimates	conn.execute	unresolved candidate
restoricon_core/services/crm_service.py	3502	module.CRMService.update_estimate	conn.execute	unresolved candidate
restoricon_core/services/crm_service.py	3536	module.CRMService.update_estimate	conn.execute	unresolved candidate
restoricon_core/services/crm_service.py	3574	module.CRMService.update_estimate	conn.execute	unresolved candidate
restoricon_core/services/crm_service.py	3591	module.CRMService.send_estimate	conn.execute	unresolved candidate
restoricon_core/services/crm_service.py	3618	module.CRMService.send_estimate	conn.execute	unresolved candidate
restoricon_core/services/crm_service.py	3633	module.CRMService.send_estimate	conn.execute	unresolved candidate
restoricon_core/services/crm_service.py	3711	module.CRMService.create_package_option	conn.execute	unresolved candidate
restoricon_core/services/crm_service.py	3756	module.CRMService.list_package_options	conn.execute	unresolved candidate
restoricon_core/services/crm_service.py	3776	module.CRMService.list_package_options	conn.execute	unresolved candidate
restoricon_core/services/crm_service.py	3808	module.CRMService.create_contract	conn.execute	unresolved candidate
restoricon_core/services/crm_service.py	3869	module.CRMService.get_contract	conn.execute	unresolved candidate
restoricon_core/services/crm_service.py	3922	module.CRMService.list_contracts	conn.execute	unresolved candidate
restoricon_core/services/crm_service.py	3963	module.CRMService.update_contract	conn.execute	unresolved candidate
restoricon_core/services/crm_service.py	3992	module.CRMService.update_contract	conn.execute	unresolved candidate
restoricon_core/services/crm_service.py	4015	module.CRMService.update_contract	conn.execute	unresolved candidate
restoricon_core/services/crm_service.py	4027	module.CRMService.send_contract	conn.execute	unresolved candidate
restoricon_core/services/crm_service.py	4054	module.CRMService.send_contract	conn.execute	unresolved candidate
restoricon_core/services/crm_service.py	4067	module.CRMService.send_contract	conn.execute	unresolved candidate
restoricon_core/services/crm_service.py	4123	module.CRMService.add_contract_signers	conn.execute	unresolved candidate
restoricon_core/services/crm_service.py	4145	module.CRMService.add_contract_signers	conn.execute	unresolved candidate
restoricon_core/services/crm_service.py	4252	module.CRMService.sign_contract	conn.execute	unresolved candidate
restoricon_core/services/crm_service.py	4314	module.CRMService.sign_contract	conn.execute	unresolved candidate
restoricon_core/services/crm_service.py	4329	module.CRMService.sign_contract	conn.execute	unresolved candidate
restoricon_core/services/crm_service.py	4402	module.CRMService.sign_contract	conn.execute	unresolved candidate
restoricon_core/services/crm_service.py	4406	module.CRMService.sign_contract	conn.execute	unresolved candidate
restoricon_core/services/crm_service.py	4412	module.CRMService.sign_contract	conn.execute	unresolved candidate
restoricon_core/services/crm_service.py	4519	module.CRMService.sign_contract	os.makedirs	unresolved candidate
restoricon_core/services/crm_service.py	4524	module.CRMService.sign_contract	open	unresolved candidate
restoricon_core/services/crm_service.py	4525	module.CRMService.sign_contract	fh.write	unresolved candidate
restoricon_core/services/crm_service.py	4610	module.CRMService.sign_contract	conn.execute	unresolved candidate
restoricon_core/services/crm_service.py	4626	module.CRMService.sign_contract	conn.execute	unresolved candidate
restoricon_core/services/crm_service.py	4842	module.CRMService.cancel_homecare_subscription	conn.execute	unresolved candidate
restoricon_core/services/crm_service.py	4865	module.CRMService.cancel_homecare_subscription	conn.execute	unresolved candidate
restoricon_core/services/crm_service.py	4906	module.CRMService.cancel_homecare_subscription	conn.execute	unresolved candidate
restoricon_core/services/crm_service.py	4979	module.CRMService.get_invoice	conn.execute	unresolved candidate
restoricon_core/services/crm_service.py	5010	module.CRMService.get_customer_credit_balance	conn.execute	unresolved candidate
restoricon_core/services/crm_service.py	5040	module.CRMService.list_invoices	conn.execute	unresolved candidate
restoricon_core/services/crm_service.py	5130	module.CRMService.create_invoice	now[:10].replace	unresolved candidate
restoricon_core/services/crm_service.py	5148	module.CRMService.create_invoice	conn.execute	unresolved candidate
restoricon_core/services/crm_service.py	5229	module.CRMService._find_intake_customer_match	conn.execute	unresolved candidate
restoricon_core/services/crm_service.py	5242	module.CRMService._find_intake_customer_match	conn.execute	unresolved candidate
restoricon_core/services/crm_service.py	5266	module.CRMService._find_or_create_intake_project	conn.execute	unresolved candidate
restoricon_core/services/crm_service.py	5546	module.CRMService.resolve_contract_signed_at	conn.execute	unresolved candidate
restoricon_core/services/crm_service.py	5662	module.CRMService._resolve_portfolio_override_eligibility	conn.execute	unresolved candidate
restoricon_core/services/crm_service.py	5699	module.CRMService._resolve_portfolio_override_eligibility	conn.execute	unresolved candidate
restoricon_core/services/crm_service.py	5711	module.CRMService._resolve_portfolio_override_eligibility	conn.execute	unresolved candidate
restoricon_core/services/crm_service.py	5736	module.CRMService._resolve_portfolio_override_eligibility	conn.execute	unresolved candidate
restoricon_core/services/crm_service.py	5778	module.CRMService._resolve_portfolio_override_eligibility	conn.execute	unresolved candidate
restoricon_core/services/crm_service.py	5825	module.CRMService.record_payment	conn.execute	unresolved candidate
restoricon_core/services/crm_service.py	5892	module.CRMService.record_payment	conn.execute	unresolved candidate
restoricon_core/services/crm_service.py	5905	module.CRMService.record_payment	conn.execute	unresolved candidate
restoricon_core/services/crm_service.py	5911	module.CRMService.record_payment	conn.execute	unresolved candidate
restoricon_core/services/crm_service.py	6445	module.CRMService._evaluate_handoff_conditions	conn.execute	unresolved candidate
restoricon_core/services/crm_service.py	6451	module.CRMService._evaluate_handoff_conditions	conn.execute	unresolved candidate
restoricon_core/services/crm_service.py	6517	module.CRMService.create_handoff_checklist	conn.execute	unresolved candidate
restoricon_core/services/crm_service.py	6527	module.CRMService.create_handoff_checklist	conn.execute	unresolved candidate
restoricon_core/services/crm_service.py	6584	module.CRMService.get_handoff_checklist	conn.execute	unresolved candidate
restoricon_core/services/crm_service.py	6634	module.CRMService.update_handoff_checklist_item	conn.execute	unresolved candidate
restoricon_core/services/crm_service.py	6655	module.CRMService.update_handoff_checklist_item	conn.execute	unresolved candidate
restoricon_core/services/crm_service.py	6697	module.CRMService.complete_handoff_checklist	conn.execute	unresolved candidate
restoricon_core/services/crm_service.py	6719	module.CRMService.complete_handoff_checklist	conn.execute	unresolved candidate
restoricon_core/services/crm_service.py	6779	module.CRMService.get_document	conn.execute	unresolved candidate
restoricon_core/services/crm_service.py	6838	module.CRMService.list_documents	conn.execute	unresolved candidate
restoricon_core/services/crm_service.py	6853	module.CRMService.create_document	conn.execute	unresolved candidate
restoricon_core/services/crm_service.py	6967	module.CRMService.create_subcontractor	conn.execute	unresolved candidate
restoricon_core/services/crm_service.py	7052	module.CRMService.get_subcontractor	conn.execute	unresolved candidate
restoricon_core/services/crm_service.py	7066	module.CRMService.get_subcontractor_by_external_id	conn.execute	unresolved candidate
restoricon_core/services/crm_service.py	7223	module.CRMService.find_subcontractor	conn.execute	unresolved candidate
restoricon_core/services/crm_service.py	7291	module.CRMService.list_subcontractors	conn.execute	unresolved candidate
restoricon_core/services/crm_service.py	7309	module.CRMService.update_subcontractor_qualification	conn.execute	unresolved candidate
restoricon_core/services/crm_service.py	7317	module.CRMService.update_subcontractor_qualification	conn.execute	unresolved candidate
restoricon_core/services/crm_service.py	7324	module.CRMService.update_subcontractor_qualification	conn.execute	unresolved candidate
restoricon_core/services/crm_service.py	7401	module.CRMService.update_subcontractor	conn.execute	unresolved candidate
restoricon_core/services/crm_service.py	7431	module.CRMService.update_subcontractor	conn.execute	unresolved candidate
restoricon_core/services/crm_service.py	7438	module.CRMService.update_subcontractor	conn.execute	unresolved candidate
restoricon_core/services/crm_service.py	7470	module.CRMService._get_subcontractor_unguarded	conn.execute	unresolved candidate
restoricon_core/services/crm_service.py	7517	module.CRMService.delete_subcontractor	conn.execute	unresolved candidate
restoricon_core/services/crm_service.py	7599	module.CRMService.create_contact	conn.execute	unresolved candidate
restoricon_core/services/crm_service.py	7665	module.CRMService.create_contact	conn.execute	unresolved candidate
restoricon_core/services/crm_service.py	7671	module.CRMService.create_contact	conn.execute	unresolved candidate
restoricon_core/services/crm_service.py	7692	module.CRMService.get_contact	conn.execute	unresolved candidate
restoricon_core/services/crm_service.py	7702	module.CRMService.get_contact_by_external_id	conn.execute	unresolved candidate
restoricon_core/services/crm_service.py	7726	module.CRMService.find_contact	conn.execute	unresolved candidate
restoricon_core/services/crm_service.py	7805	module.CRMService.list_contacts	conn.execute	unresolved candidate
restoricon_core/services/crm_service.py	7848	module.CRMService.update_contact	conn.execute	unresolved candidate
restoricon_core/services/crm_service.py	7871	module.CRMService.update_contact	conn.execute	unresolved candidate
restoricon_core/services/crm_service.py	7878	module.CRMService.update_contact	conn.execute	unresolved candidate
restoricon_core/services/crm_service.py	7931	module.CRMService.delete_contact	conn.execute	unresolved candidate
restoricon_core/services/crm_service.py	7955	module.CRMService.sync_contacts_batch	conn.execute	unresolved candidate
restoricon_core/services/crm_service.py	7962	module.CRMService.sync_contacts_batch	c.external_id.replace	unresolved candidate
restoricon_core/services/crm_service.py	7995	module.CRMService.sync_contacts_batch	conn.execute	unresolved candidate
restoricon_core/services/crm_service.py	8065	module.CRMService.sync_contacts_batch	conn.execute	unresolved candidate
restoricon_core/services/crm_service.py	8078	module.CRMService.sync_contacts_batch	conn.execute	unresolved candidate
restoricon_core/services/crm_service.py	8216	module.CRMService.submit_public_lead	conn.execute	unresolved candidate
restoricon_core/services/crm_service.py	8317	module.CRMService.submit_public_booking	conn.execute	unresolved candidate
restoricon_core/services/estimate_service.py	361	module.EstimateService._next_estimate_number	conn.execute	unresolved candidate
restoricon_core/services/estimate_service.py	366	module.EstimateService._next_estimate_number	conn.execute	unresolved candidate
restoricon_core/services/estimate_service.py	417	module.EstimateService.create	conn.execute	unresolved candidate
restoricon_core/services/estimate_service.py	428	module.EstimateService.create	conn.execute	unresolved candidate
restoricon_core/services/estimate_service.py	430	module.EstimateService.create	conn.execute	unresolved candidate
restoricon_core/services/estimate_service.py	448	module.EstimateService.create	conn.execute	unresolved candidate
restoricon_core/services/estimate_service.py	459	module.EstimateService.create	conn.execute	unresolved candidate
restoricon_core/services/estimate_service.py	461	module.EstimateService.create	conn.execute	unresolved candidate
restoricon_core/services/estimate_service.py	495	module.EstimateService._attach_cost_fields	conn.execute	unresolved candidate
restoricon_core/services/estimate_service.py	586	module.EstimateService._gate_preview_result_cost_fields._gate_line	dataclasses.replace	unresolved candidate
restoricon_core/services/estimate_service.py	590	module.EstimateService._gate_preview_result_cost_fields._gate_line	dataclasses.replace	unresolved candidate
restoricon_core/services/estimate_service.py	594	module.EstimateService._gate_preview_result_cost_fields._gate_line	dataclasses.replace	unresolved candidate
restoricon_core/services/estimate_service.py	598	module.EstimateService._gate_preview_result_cost_fields._gate_line	dataclasses.replace	unresolved candidate
restoricon_core/services/estimate_service.py	601	module.EstimateService._gate_preview_result_cost_fields._gate_line	dataclasses.replace	unresolved candidate
restoricon_core/services/estimate_service.py	610	module.EstimateService._gate_preview_result_cost_fields._gate_line	dataclasses.replace	unresolved candidate
restoricon_core/services/estimate_service.py	631	module.EstimateService._gate_preview_result_cost_fields	dataclasses.replace	unresolved candidate
restoricon_core/services/estimate_service.py	649	module.EstimateService.get	conn.execute	unresolved candidate
restoricon_core/services/estimate_service.py	659	module.EstimateService.get	conn.execute	unresolved candidate
restoricon_core/services/estimate_service.py	725	module.EstimateService.list	conn.execute	unresolved candidate
restoricon_core/services/estimate_service.py	767	module.EstimateService.list_versions	conn.execute	unresolved candidate
restoricon_core/services/estimate_service.py	772	module.EstimateService.list_versions	conn.execute	unresolved candidate
restoricon_core/services/estimate_service.py	793	module.EstimateService.get_version_lines	conn.execute	unresolved candidate
restoricon_core/services/estimate_service.py	796	module.EstimateService.get_version_lines	conn.execute	unresolved candidate
restoricon_core/services/estimate_service.py	801	module.EstimateService.get_version_lines	conn.execute	unresolved candidate
restoricon_core/services/estimate_service.py	826	module.EstimateService.update_header	conn.execute	unresolved candidate
restoricon_core/services/estimate_service.py	827	module.EstimateService.update_header	conn.execute	unresolved candidate
restoricon_core/services/estimate_service.py	831	module.EstimateService.update_header	conn.execute	unresolved candidate
restoricon_core/services/estimate_service.py	847	module.EstimateService.update_header	conn.execute	unresolved candidate
restoricon_core/services/estimate_service.py	849	module.EstimateService.update_header	conn.execute	unresolved candidate
restoricon_core/services/estimate_service.py	887	module.EstimateService.claim	conn.execute	unresolved candidate
restoricon_core/services/estimate_service.py	893	module.EstimateService.claim	conn.execute	unresolved candidate
restoricon_core/services/estimate_service.py	900	module.EstimateService.claim	conn.execute	unresolved candidate
restoricon_core/services/estimate_service.py	907	module.EstimateService.claim	conn.execute	unresolved candidate
restoricon_core/services/estimate_service.py	942	module.EstimateService.unclaim	conn.execute	unresolved candidate
restoricon_core/services/estimate_service.py	957	module.EstimateService.unclaim	conn.execute	unresolved candidate
restoricon_core/services/estimate_service.py	968	module.EstimateService.unclaim	conn.execute	unresolved candidate
restoricon_core/services/estimate_service.py	994	module.EstimateService.reassign	conn.execute	unresolved candidate
restoricon_core/services/estimate_service.py	1004	module.EstimateService.reassign	conn.execute	unresolved candidate
restoricon_core/services/estimate_service.py	1011	module.EstimateService.reassign	conn.execute	unresolved candidate
restoricon_core/services/estimate_service.py	1016	module.EstimateService.reassign	conn.execute	unresolved candidate
restoricon_core/services/estimate_service.py	1041	module.EstimateService._get_unlocked_current_version	conn.execute	unresolved candidate
restoricon_core/services/estimate_service.py	1049	module.EstimateService._get_unlocked_current_version	conn.execute	unresolved candidate
restoricon_core/services/estimate_service.py	1099	module.EstimateService.add_line	conn.execute	unresolved candidate
restoricon_core/services/estimate_service.py	1107	module.EstimateService.add_line	conn.execute	unresolved candidate
restoricon_core/services/estimate_service.py	1140	module.EstimateService.add_line	conn.execute	unresolved candidate
restoricon_core/services/estimate_service.py	1171	module.EstimateService.update_line	conn.execute	unresolved candidate
restoricon_core/services/estimate_service.py	1172	module.EstimateService.update_line	conn.execute	unresolved candidate
restoricon_core/services/estimate_service.py	1176	module.EstimateService.update_line	conn.execute	unresolved candidate
restoricon_core/services/estimate_service.py	1194	module.EstimateService.update_line	conn.execute	unresolved candidate
restoricon_core/services/estimate_service.py	1197	module.EstimateService.update_line	conn.execute	unresolved candidate
restoricon_core/services/estimate_service.py	1215	module.EstimateService.remove_line	conn.execute	unresolved candidate
restoricon_core/services/estimate_service.py	1216	module.EstimateService.remove_line	conn.execute	unresolved candidate
restoricon_core/services/estimate_service.py	1220	module.EstimateService.remove_line	conn.execute	unresolved candidate
restoricon_core/services/estimate_service.py	1224	module.EstimateService.remove_line	conn.execute	unresolved candidate
restoricon_core/services/estimate_service.py	1243	module.EstimateService.reorder_lines	conn.execute	unresolved candidate
restoricon_core/services/estimate_service.py	1247	module.EstimateService.reorder_lines	conn.execute	unresolved candidate
restoricon_core/services/estimate_service.py	1254	module.EstimateService.reorder_lines	conn.execute	unresolved candidate
restoricon_core/services/estimate_service.py	1345	module.EstimateService._build_estimate_input	conn.execute	unresolved candidate
restoricon_core/services/estimate_service.py	1348	module.EstimateService._build_estimate_input	conn.execute	unresolved candidate
restoricon_core/services/estimate_service.py	1378	module.EstimateService._recalculate_version	conn.execute	unresolved candidate
restoricon_core/services/estimate_service.py	1383	module.EstimateService._recalculate_version	conn.execute	unresolved candidate
restoricon_core/services/estimate_service.py	1397	module.EstimateService._recalculate_version	conn.execute	unresolved candidate
restoricon_core/services/estimate_service.py	1432	module.EstimateService.preview	conn.execute	unresolved candidate
restoricon_core/services/estimate_service.py	1452	module.EstimateService.to_customer_view	conn.execute	unresolved candidate
restoricon_core/services/estimate_service.py	1489	module.EstimateService.resolve_share_link	conn.execute	unresolved candidate
restoricon_core/services/estimate_service.py	1520	module.EstimateService.record_share_link_view	conn.execute	unresolved candidate
restoricon_core/services/estimate_service.py	1526	module.EstimateService.record_share_link_view	conn.execute	unresolved candidate
restoricon_core/services/estimate_service.py	1532	module.EstimateService.record_share_link_view	conn.execute	unresolved candidate
restoricon_core/services/estimate_service.py	1536	module.EstimateService.record_share_link_view	conn.execute	unresolved candidate
restoricon_core/services/estimate_service.py	1597	module.EstimateService.sweep_expired	conn.execute	unresolved candidate
restoricon_core/services/estimate_service.py	1610	module.EstimateService.sweep_expired	conn.execute	unresolved candidate
restoricon_core/services/estimate_service.py	1662	module.EstimateService._lock_version_write	conn.execute	unresolved candidate
restoricon_core/services/estimate_service.py	1668	module.EstimateService._lock_version_write	conn.execute	unresolved candidate
restoricon_core/services/estimate_service.py	1685	module.EstimateService._lock_version	conn.execute	unresolved candidate
restoricon_core/services/estimate_service.py	1695	module.EstimateService._lock_version	conn.execute	unresolved candidate
restoricon_core/services/estimate_service.py	1732	module.EstimateService._create_share_link	conn.execute	unresolved candidate
restoricon_core/services/estimate_service.py	1778	module.EstimateService._deliver_share_link	conn.execute	unresolved candidate
restoricon_core/services/estimate_service.py	1799	module.EstimateService._deliver_share_link	self.notifications.send_email	unresolved candidate
restoricon_core/services/estimate_service.py	1804	module.EstimateService._deliver_share_link	conn.execute	unresolved candidate
restoricon_core/services/estimate_service.py	1855	module.EstimateService.transition	conn.execute	unresolved candidate
restoricon_core/services/estimate_service.py	1856	module.EstimateService.transition	conn.execute	unresolved candidate
restoricon_core/services/estimate_service.py	1912	module.EstimateService.transition	conn.execute	unresolved candidate
restoricon_core/services/estimate_service.py	1920	module.EstimateService.transition	conn.execute	unresolved candidate
restoricon_core/services/estimate_service.py	2018	module.EstimateService.revise	conn.execute	unresolved candidate
restoricon_core/services/estimate_service.py	2019	module.EstimateService.revise	conn.execute	unresolved candidate
restoricon_core/services/estimate_service.py	2025	module.EstimateService.revise	conn.execute	unresolved candidate
restoricon_core/services/estimate_service.py	2032	module.EstimateService.revise	conn.execute	unresolved candidate
restoricon_core/services/estimate_service.py	2037	module.EstimateService.revise	conn.execute	unresolved candidate
restoricon_core/services/estimate_service.py	2066	module.EstimateService.revise	conn.execute	unresolved candidate
restoricon_core/services/estimate_service.py	2077	module.EstimateService.revise	conn.execute	unresolved candidate
restoricon_core/services/estimate_service.py	2082	module.EstimateService.revise	conn.execute	unresolved candidate
restoricon_core/services/estimate_service.py	2087	module.EstimateService.revise	conn.execute	unresolved candidate
restoricon_core/services/estimate_service.py	2206	module.EstimateService.record_decision	conn.execute	unresolved candidate
restoricon_core/services/estimate_service.py	2207	module.EstimateService.record_decision	conn.execute	unresolved candidate
restoricon_core/services/estimate_service.py	2210	module.EstimateService.record_decision	conn.execute	unresolved candidate
restoricon_core/services/estimate_service.py	2235	module.EstimateService.record_decision	conn.execute	unresolved candidate
restoricon_core/services/estimate_service.py	2257	module.EstimateService.record_decision	conn.execute	unresolved candidate
restoricon_core/services/estimate_service.py	2304	module.EstimateService.record_decision	conn.execute	unresolved candidate
restoricon_core/services/estimate_service.py	2325	module.EstimateService.record_decision	conn.execute	unresolved candidate
restoricon_core/services/estimate_service.py	2329	module.EstimateService.record_decision	conn.execute	unresolved candidate
restoricon_core/services/estimate_service.py	2334	module.EstimateService.record_decision	conn.execute	unresolved candidate
restoricon_core/services/estimate_service.py	2421	module.EstimateService.convert	conn.execute	unresolved candidate
restoricon_core/services/estimate_service.py	2422	module.EstimateService.convert	conn.execute	unresolved candidate
restoricon_core/services/estimate_service.py	2453	module.EstimateService.convert	conn.execute	unresolved candidate
restoricon_core/services/estimate_service.py	2463	module.EstimateService.convert	conn.execute	unresolved candidate
restoricon_core/services/estimate_service.py	2473	module.EstimateService.convert	conn.execute	unresolved candidate
restoricon_core/services/estimate_service.py	2482	module.EstimateService.convert	conn.execute	unresolved candidate
restoricon_core/services/estimate_service.py	2487	module.EstimateService.convert	conn.execute	unresolved candidate
restoricon_core/services/estimate_service.py	2495	module.EstimateService.convert	conn.execute	unresolved candidate
restoricon_core/services/estimate_service.py	2517	module.EstimateService.convert	conn.execute	unresolved candidate
restoricon_core/services/estimate_service.py	2524	module.EstimateService.convert	conn.execute	unresolved candidate
restoricon_core/services/finance_service.py	140	module.FinanceService.record_transaction	conn.execute	unresolved candidate
restoricon_core/services/finance_service.py	171	module.FinanceService.record_transaction	conn.execute	unresolved candidate
restoricon_core/services/finance_service.py	205	module.FinanceService.get_transaction	conn.execute	unresolved candidate
restoricon_core/services/finance_service.py	241	module.FinanceService.list_transactions	conn.execute	unresolved candidate
restoricon_core/services/finance_service.py	259	module.FinanceService._financing_offset_for_invoices	conn.execute	unresolved candidate
restoricon_core/services/finance_service.py	294	module.FinanceService._financing_offset_for_project_unlinked	conn.execute	unresolved candidate
restoricon_core/services/finance_service.py	350	module.FinanceService.get_project_ar_net	conn.execute	unresolved candidate
restoricon_core/services/finance_service.py	387	module.FinanceService.get_project_pnl	conn.execute	unresolved candidate
restoricon_core/services/finance_service.py	395	module.FinanceService.get_project_pnl	conn.execute	unresolved candidate
restoricon_core/services/finance_service.py	406	module.FinanceService.get_project_pnl	conn.execute	unresolved candidate
restoricon_core/services/finance_service.py	437	module.FinanceService.get_project_pnl	conn.execute	unresolved candidate
restoricon_core/services/finance_service.py	459	module.FinanceService.get_project_pnl	conn.execute	unresolved candidate
restoricon_core/services/finance_service.py	541	module.FinanceService.get_ar_net_totals	conn.execute	unresolved candidate
restoricon_core/services/finance_service.py	620	module.FinanceService.get_ar_aging	due_str.replace	unresolved candidate
restoricon_core/services/finance_service.py	669	module.FinanceService.get_financial_summary	conn.execute	unresolved candidate
restoricon_core/services/finance_service.py	672	module.FinanceService.get_financial_summary	conn.execute	unresolved candidate
restoricon_core/services/financing_service.py	177	module.FinancingService.create_financing_record	conn.execute	unresolved candidate
restoricon_core/services/financing_service.py	257	module.FinancingService.update_financing_record	conn.execute	unresolved candidate
restoricon_core/services/financing_service.py	273	module.FinancingService.update_financing_record	conn.execute	unresolved candidate
restoricon_core/services/financing_service.py	310	module.FinancingService.update_financing_record	conn.execute	unresolved candidate
restoricon_core/services/financing_service.py	320	module.FinancingService.get_financing_record	conn.execute	unresolved candidate
restoricon_core/services/financing_service.py	332	module.FinancingService.list_financing_records_for_project	conn.execute	unresolved candidate
restoricon_core/services/notification_service.py	74	module.NotificationService._post_request	urllib.request.urlopen	unresolved candidate
restoricon_core/services/operations_service.py	239	module.OperationsService._actor_owns_sold_project	conn.execute	unresolved candidate
restoricon_core/services/operations_service.py	262	module.OperationsService._actor_assigned_to_project	conn.execute	unresolved candidate
restoricon_core/services/operations_service.py	313	module.OperationsService._technician_assigned_project_ids	conn.execute	unresolved candidate
restoricon_core/services/operations_service.py	331	module.OperationsService.get_project	conn.execute	unresolved candidate
restoricon_core/services/operations_service.py	370	module.OperationsService.transition_project_stage	conn.execute	unresolved candidate
restoricon_core/services/operations_service.py	409	module.OperationsService.transition_project_stage	conn.execute	unresolved candidate
restoricon_core/services/operations_service.py	417	module.OperationsService.transition_project_stage	conn.execute	unresolved candidate
restoricon_core/services/operations_service.py	431	module.OperationsService.transition_project_stage	conn.execute	unresolved candidate
restoricon_core/services/operations_service.py	439	module.OperationsService.transition_project_stage	conn.execute	unresolved candidate
restoricon_core/services/operations_service.py	492	module.OperationsService.transition_project_stage	conn.execute	unresolved candidate
restoricon_core/services/operations_service.py	517	module.OperationsService.transition_project_stage	conn.execute	unresolved candidate
restoricon_core/services/operations_service.py	582	module.OperationsService._ensure_default_milestones	conn.execute	unresolved candidate
restoricon_core/services/operations_service.py	628	module.OperationsService.create_milestone	conn.execute	unresolved candidate
restoricon_core/services/operations_service.py	668	module.OperationsService.get_milestone	conn.execute	unresolved candidate
restoricon_core/services/operations_service.py	697	module.OperationsService.list_milestones	conn.execute	unresolved candidate
restoricon_core/services/operations_service.py	709	module.OperationsService.list_milestones	conn.execute	unresolved candidate
restoricon_core/services/operations_service.py	743	module.OperationsService.update_milestone_status	conn.execute	unresolved candidate
restoricon_core/services/operations_service.py	763	module.OperationsService.update_milestone_status	conn.execute	unresolved candidate
restoricon_core/services/operations_service.py	806	module.OperationsService.generate_work_order_number	conn.execute	unresolved candidate
restoricon_core/services/operations_service.py	867	module.OperationsService.create_work_order	conn.execute	unresolved candidate
restoricon_core/services/operations_service.py	929	module.OperationsService.get_work_order	conn.execute	unresolved candidate
restoricon_core/services/operations_service.py	1000	module.OperationsService.list_work_orders	conn.execute	unresolved candidate
restoricon_core/services/operations_service.py	1048	module.OperationsService._query_active_work_orders_for_subcontractor	conn.execute	unresolved candidate
restoricon_core/services/operations_service.py	1109	module.OperationsService.update_work_order	conn.execute	unresolved candidate
restoricon_core/services/operations_service.py	1120	module.OperationsService.update_work_order	conn.execute	unresolved candidate
restoricon_core/services/operations_service.py	1160	module.OperationsService.update_work_order	conn.execute	unresolved candidate
restoricon_core/services/operations_service.py	1188	module.OperationsService.update_work_order	conn.execute	unresolved candidate
restoricon_core/services/operations_service.py	1278	module.OperationsService.match_subcontractors_for_trade	conn.execute	unresolved candidate
restoricon_core/services/operations_service.py	1349	module.OperationsService.match_subcontractors_for_trade	conn.execute	unresolved candidate
restoricon_core/services/operations_service.py	1461	module.OperationsService.dispatch_work_order	conn.execute	unresolved candidate
restoricon_core/services/operations_service.py	1482	module.OperationsService.dispatch_work_order	conn.execute	unresolved candidate
restoricon_core/services/operations_service.py	1545	module.OperationsService.accept_work_order	conn.execute	unresolved candidate
restoricon_core/services/operations_service.py	1642	module.OperationsService.update_work_order_execution_status	conn.execute	unresolved candidate
restoricon_core/services/operations_service.py	1894	module.OperationsService.split_work_order	conn.execute	unresolved candidate
restoricon_core/services/operations_service.py	1951	module.OperationsService.split_work_order	conn.execute	unresolved candidate
restoricon_core/services/operations_service.py	2034	module.OperationsService.create_equipment	conn.execute	unresolved candidate
restoricon_core/services/operations_service.py	2072	module.OperationsService.get_equipment	conn.execute	unresolved candidate
restoricon_core/services/operations_service.py	2114	module.OperationsService.list_equipment	conn.execute	unresolved candidate
restoricon_core/services/operations_service.py	2171	module.OperationsService.deploy_equipment	conn.execute	unresolved candidate
restoricon_core/services/operations_service.py	2195	module.OperationsService.deploy_equipment	conn.execute	unresolved candidate
restoricon_core/services/operations_service.py	2222	module.OperationsService.deploy_equipment	conn.execute	unresolved candidate
restoricon_core/services/operations_service.py	2250	module.OperationsService.deploy_equipment	conn.execute	unresolved candidate
restoricon_core/services/operations_service.py	2280	module.OperationsService.return_equipment	conn.execute	unresolved candidate
restoricon_core/services/operations_service.py	2298	module.OperationsService.return_equipment	conn.execute	unresolved candidate
restoricon_core/services/operations_service.py	2320	module.OperationsService.return_equipment	conn.execute	unresolved candidate
restoricon_core/services/operations_service.py	2335	module.OperationsService.return_equipment	conn.execute	unresolved candidate
restoricon_core/services/operations_service.py	2389	module.OperationsService.list_project_deployments	conn.execute	unresolved candidate
restoricon_core/services/pricing_job_service.py	39	module.PricingJobService.start	conn.execute	unresolved candidate
restoricon_core/services/pricing_job_service.py	40	module.PricingJobService.start	conn.execute	unresolved candidate
restoricon_core/services/pricing_job_service.py	60	module.PricingJobService.record_progress	conn.execute	unresolved candidate
restoricon_core/services/pricing_job_service.py	61	module.PricingJobService.record_progress	conn.execute	unresolved candidate
restoricon_core/services/pricing_job_service.py	106	module.PricingJobService._finish	conn.execute	unresolved candidate
restoricon_core/services/pricing_job_service.py	107	module.PricingJobService._finish	conn.execute	unresolved candidate
restoricon_core/services/pricing_job_service.py	114	module.PricingJobService._finish	conn.execute	unresolved candidate
restoricon_core/services/pricing_repo.py	129	module.RetailerProductRepoImpl.get_by_sku	conn.execute	unresolved candidate
restoricon_core/services/pricing_repo.py	140	module.RetailerProductRepoImpl.get_by_upc	conn.execute	unresolved candidate
restoricon_core/services/pricing_repo.py	144	module.RetailerProductRepoImpl.get_by_upc	conn.execute	unresolved candidate
restoricon_core/services/pricing_repo.py	160	module.RetailerProductRepoImpl.upsert	conn.execute	unresolved candidate
restoricon_core/services/pricing_repo.py	161	module.RetailerProductRepoImpl.upsert	conn.execute	unresolved candidate
restoricon_core/services/pricing_repo.py	168	module.RetailerProductRepoImpl.upsert	conn.execute	unresolved candidate
restoricon_core/services/pricing_repo.py	186	module.RetailerProductRepoImpl.upsert	conn.execute	unresolved candidate
restoricon_core/services/pricing_repo.py	200	module.RetailerProductRepoImpl.upsert	conn.execute	unresolved candidate
restoricon_core/services/pricing_repo.py	209	module.RetailerProductRepoImpl.list_needing_refresh	conn.execute	unresolved candidate
restoricon_core/services/pricing_repo.py	225	module.RetailerProductRepoImpl.update_refresh_state	conn.execute	unresolved candidate
restoricon_core/services/pricing_repo.py	226	module.RetailerProductRepoImpl.update_refresh_state	conn.execute	unresolved candidate
restoricon_core/services/pricing_repo.py	254	module.PriceObservationRepoImpl.append	conn.execute	unresolved candidate
restoricon_core/services/pricing_repo.py	255	module.PriceObservationRepoImpl.append	conn.execute	unresolved candidate
restoricon_core/services/pricing_repo.py	271	module.PriceObservationRepoImpl.append	conn.execute	unresolved candidate
restoricon_core/services/pricing_repo.py	276	module.PriceObservationRepoImpl.append	conn.execute	unresolved candidate
restoricon_core/services/pricing_repo.py	286	module.PriceObservationRepoImpl.get_latest	conn.execute	unresolved candidate
restoricon_core/services/pricing_repo.py	292	module.PriceObservationRepoImpl.get_latest	conn.execute	unresolved candidate
restoricon_core/services/pricing_repo.py	316	module.PriceObservationRepoImpl.get_history	conn.execute	unresolved candidate
restoricon_core/services/pricing_repo.py	328	module.SearchCacheRepoImpl.get	conn.execute	unresolved candidate
restoricon_core/services/pricing_repo.py	340	module.SearchCacheRepoImpl.put	conn.execute	unresolved candidate
restoricon_core/services/pricing_repo.py	341	module.SearchCacheRepoImpl.put	conn.execute	unresolved candidate
restoricon_core/services/pricing_repo.py	346	module.SearchCacheRepoImpl.put	conn.execute	unresolved candidate
restoricon_core/services/pricing_repo.py	352	module.SearchCacheRepoImpl.put	conn.execute	unresolved candidate
restoricon_core/services/scheduling_service.py	95	module.SchedulingService._parse_iso	value.replace	unresolved candidate
restoricon_core/services/scheduling_service.py	97	module.SchedulingService._parse_iso	dt.replace	unresolved candidate
restoricon_core/services/scheduling_service.py	136	module.SchedulingService._assert_within_concurrency_cap	conn.execute	unresolved candidate
restoricon_core/services/scheduling_service.py	148	module.SchedulingService._assert_within_concurrency_cap	conn.execute	unresolved candidate
restoricon_core/services/scheduling_service.py	166	module.SchedulingService._assert_within_concurrency_cap	conn.execute	unresolved candidate
restoricon_core/services/scheduling_service.py	233	module.SchedulingService.create_appointment	conn.execute	unresolved candidate
restoricon_core/services/scheduling_service.py	268	module.SchedulingService.create_appointment	conn.execute	unresolved candidate
restoricon_core/services/scheduling_service.py	322	module.SchedulingService.get_appointment	conn.execute	unresolved candidate
restoricon_core/services/scheduling_service.py	336	module.SchedulingService.get_appointment_by_external_id	conn.execute	unresolved candidate
restoricon_core/services/scheduling_service.py	391	module.SchedulingService.list_appointments	conn.execute	unresolved candidate
restoricon_core/services/scheduling_service.py	416	module.SchedulingService.update_appointment_status	conn.execute	unresolved candidate
restoricon_core/services/scheduling_service.py	437	module.SchedulingService.update_appointment_status	conn.execute	unresolved candidate
restoricon_core/services/scheduling_service.py	441	module.SchedulingService.update_appointment_status	conn.execute	unresolved candidate
restoricon_core/services/scheduling_service.py	503	module.SchedulingService.update_appointment	conn.execute	unresolved candidate
restoricon_core/services/scheduling_service.py	513	module.SchedulingService.update_appointment	conn.execute	unresolved candidate
restoricon_core/services/scheduling_service.py	569	module.SchedulingService.update_appointment	conn.execute	unresolved candidate
restoricon_core/services/scheduling_service.py	574	module.SchedulingService.update_appointment	conn.execute	unresolved candidate
restoricon_core/services/scheduling_service.py	650	module.SchedulingService.get_schedule_config	conn.execute	unresolved candidate
restoricon_core/services/scheduling_service.py	669	module.SchedulingService.upsert_schedule_config	conn.execute	unresolved candidate
restoricon_core/services/scheduling_service.py	738	module.SchedulingService.list_appointment_types	conn.execute	unresolved candidate
restoricon_core/services/scheduling_service.py	748	module.SchedulingService.get_appointment_type	conn.execute	unresolved candidate
restoricon_core/services/scheduling_service.py	774	module.SchedulingService.create_appointment_type	conn.execute	unresolved candidate
restoricon_core/services/scheduling_service.py	823	module.SchedulingService._query_active_appointments_for_type	conn.execute	unresolved candidate
restoricon_core/services/scheduling_service.py	854	module.SchedulingService.delete_appointment_type	conn.execute	unresolved candidate
restoricon_core/services/scheduling_service.py	872	module.SchedulingService.delete_appointment_type	conn.execute	unresolved candidate
restoricon_core/services/scheduling_service.py	904	module.SchedulingService.update_appointment_type	conn.execute	unresolved candidate
restoricon_core/services/scheduling_service.py	936	module.SchedulingService.update_appointment_type	conn.execute	unresolved candidate
restoricon_core/services/scheduling_service.py	940	module.SchedulingService.update_appointment_type	conn.execute	unresolved candidate
restoricon_core/services/scheduling_service.py	974	module.SchedulingService.create_staff_schedule	conn.execute	unresolved candidate
restoricon_core/services/scheduling_service.py	993	module.SchedulingService.create_staff_schedule	conn.execute	unresolved candidate
restoricon_core/services/scheduling_service.py	1074	module.SchedulingService.list_staff_schedules	conn.execute	unresolved candidate
restoricon_core/services/scheduling_service.py	1093	module.SchedulingService.get_staff_schedule	conn.execute	unresolved candidate
restoricon_core/services/scheduling_service.py	1109	module.SchedulingService._query_active_staff_schedules_for_user	conn.execute	unresolved candidate
restoricon_core/services/scheduling_service.py	1151	module.SchedulingService.list_staff_schedules_archive	conn.execute	unresolved candidate
restoricon_core/services/scheduling_service.py	1159	module.SchedulingService.update_staff_schedule	conn.execute	unresolved candidate
restoricon_core/services/scheduling_service.py	1170	module.SchedulingService.update_staff_schedule	conn.execute	unresolved candidate
restoricon_core/services/scheduling_service.py	1193	module.SchedulingService.update_staff_schedule	conn.execute	unresolved candidate
restoricon_core/services/scheduling_service.py	1198	module.SchedulingService.update_staff_schedule	conn.execute	unresolved candidate
restoricon_core/services/scheduling_service.py	1214	module.SchedulingService.update_staff_schedule	conn.execute	unresolved candidate
restoricon_core/services/scheduling_service.py	1241	module.SchedulingService.update_staff_schedule	conn.execute	unresolved candidate
restoricon_core/services/scheduling_service.py	1279	module.SchedulingService.delete_staff_schedule	conn.execute	unresolved candidate
restoricon_core/services/scheduling_service.py	1285	module.SchedulingService.delete_staff_schedule	conn.execute	unresolved candidate
restoricon_core/services/scheduling_service.py	1299	module.SchedulingService.delete_staff_schedule	conn.execute	unresolved candidate
restoricon_core/services/territory_service.py	70	module.TerritoryService.create_territory	conn.execute	unresolved candidate
restoricon_core/services/territory_service.py	94	module.TerritoryService.list_territories	conn.execute	unresolved candidate
restoricon_core/services/territory_service.py	102	module.TerritoryService.get_territory	conn.execute	unresolved candidate
restoricon_core/services/territory_service.py	121	module.TerritoryService.update_territory	conn.execute	unresolved candidate
restoricon_core/services/territory_service.py	134	module.TerritoryService.update_territory	conn.execute	unresolved candidate
tools/adb_confound_monitor.py	60	module._run_adb	subprocess.run	unresolved candidate
tools/adb_confound_monitor.py	114	module.main	DEFAULT_OUT_DIR.mkdir	unresolved candidate
tools/adb_confound_monitor.py	137	module.main	f.write	unresolved candidate
tools/encrypt_cloudflare_token.py	51	module.main	subprocess.run	unresolved candidate
tools/encrypt_cloudflare_token.py	68	module.main	out_path.unlink	unresolved candidate
tools/file_tools.py	257	module.tool_write_file	content.replace	unresolved candidate
tools/file_tools.py	281	module.tool_write_file	get_action_gateway().gate_write	unresolved candidate
tools/file_tools.py	309	module.tool_patch_file	_get_fs().patch	unresolved candidate
tools/file_tools.py	335	module.tool_append_file	get_action_gateway().gate_append	unresolved candidate
tools/kb_scraper.py	105	module.index_file	embed_dir.mkdir	unresolved candidate
tools/kb_scraper.py	108	module.index_file	path.stem.replace('/', '_').replace	unresolved candidate
tools/kb_scraper.py	108	module.index_file	path.stem.replace	unresolved candidate
tools/kb_scraper.py	114	module.index_file	open	unresolved candidate
tools/kb_semantic.py	144	module.check_llama_embeddings	_req.urlopen	unresolved candidate
tools/kb_semantic.py	180	module._embed_via_llama	_req.urlopen	unresolved candidate
tools/kb_semantic.py	428	module.build_semantic_index	open	unresolved candidate
tools/kb_semantic.py	448	module.build_semantic_index	open	unresolved candidate
tools/kb_semantic.py	551	module.repair_failed_embeddings	open	unresolved candidate
tools/patch_tools.py	66	module.tool_patch_file	content.replace	unresolved candidate
tools/patch_tools.py	109	module.tool_patch_file	get_action_gateway().gate_write	unresolved candidate
tools/provision_ai_agent_auth.py	183	module.provision	conn.execute	unresolved candidate
tools/provision_ai_agent_auth.py	225	module.provision	conn.execute	unresolved candidate
tools/provision_ai_agent_auth.py	261	module.provision	conn.execute	unresolved candidate
tools/quarantine_unsourced_ccos_metrics.py	40	module.quarantine_cap_metrics	date_tag.replace	unresolved candidate
tools/quarantine_unsourced_ccos_metrics.py	43	module.quarantine_cap_metrics	con.execute	unresolved candidate
tools/quarantine_unsourced_ccos_metrics.py	50	module.quarantine_cap_metrics	con.execute	unresolved candidate
tools/quarantine_unsourced_ccos_metrics.py	51	module.quarantine_cap_metrics	con.execute	unresolved candidate
tools/quarantine_unsourced_ccos_metrics.py	52	module.quarantine_cap_metrics	con.commit	unresolved candidate
tools/quarantine_unsourced_ccos_metrics.py	65	module.quarantine_reflections	shutil.move	unresolved candidate
tools/shell_tools.py	266	module._execute_shell_command	subprocess.run	unresolved candidate
tools/shell_tools.py	339	module.shell	get_action_gateway().gate_exec	unresolved candidate
tools/shell_tools.py	360	module.search_files	subprocess.run	unresolved candidate
utils/config.py	677	module._decrypt_cloudflare_tunnel_token_file	subprocess.run	unresolved candidate
utils/file_utils.py	22	module.write_file	p.parent.mkdir	unresolved candidate
utils/file_utils.py	23	module.write_file	p.write_text	unresolved candidate
utils/file_utils.py	32	module.append_file	open	unresolved candidate
utils/file_utils.py	33	module.append_file	f.write	unresolved candidate
core/daemon.py	667	additional network candidate	request.get	unresolved candidate
core/daemon.py	674	additional network candidate	request.get	unresolved candidate
ccos/plugins/crm/core_query/client.py	101	additional network candidate	self._session.get	unresolved candidate
restoricon_core/api/rate_limiter.py	30	additional network candidate	self._requests.get	unresolved candidate
